"i","yhat_mean","yhat_medn","yhat_q975","yhat_q025","yhat_q841","yhat_q159","sp","model","loglik"
1,0.0205,0,0,0,0,0,"dece","slope.jja3",-1045.39814700731
2,23.58475,23,35,13,29,18,"dece","slope.jja3",-1045.39814700731
3,0.1035,0,1,0,0,0,"dece","slope.jja3",-1045.39814700731
4,19.15175,19,30,10,24,14,"dece","slope.jja3",-1045.39814700731
5,34.136,34,48,21,41,27,"dece","slope.jja3",-1045.39814700731
6,8.09725,8,15,3,11,5,"dece","slope.jja3",-1045.39814700731
7,12.3275,12,21,5,16,8,"dece","slope.jja3",-1045.39814700731
8,16.32625,16,26,8,21,12,"dece","slope.jja3",-1045.39814700731
9,4.609,4,10,1,7,2,"dece","slope.jja3",-1045.39814700731
10,0.0055,0,0,0,0,0,"dece","slope.jja3",-1045.39814700731
11,0.088,0,1,0,0,0,"dece","slope.jja3",-1045.39814700731
12,0.024,0,0,0,0,0,"dece","slope.jja3",-1045.39814700731
13,0.0355,0,1,0,0,0,"dece","slope.jja3",-1045.39814700731
14,0.037,0,1,0,0,0,"dece","slope.jja3",-1045.39814700731
15,21.168,21,32,12,27,16,"dece","slope.jja3",-1045.39814700731
16,17.15475,17,28,8.97500000000001,22,12,"dece","slope.jja3",-1045.39814700731
17,15.87175,16,26,8,20,11,"dece","slope.jja3",-1045.39814700731
18,0.93775,1,3,0,2,0,"dece","slope.jja3",-1045.39814700731
19,0.015,0,0,0,0,0,"dece","slope.jja3",-1045.39814700731
20,0.0055,0,0,0,0,0,"dece","slope.jja3",-1045.39814700731
21,0.02275,0,0,0,0,0,"dece","slope.jja3",-1045.39814700731
22,34.90975,35,48,22,41,28,"dece","slope.jja3",-1045.39814700731
23,11.4455,11,20,5,15,8,"dece","slope.jja3",-1045.39814700731
24,3.75425,3.5,9,0,6,2,"dece","slope.jja3",-1045.39814700731
25,13.19125,13,22.0250000000001,6,17,9,"dece","slope.jja3",-1045.39814700731
26,27.872,28,40,16,34,22,"dece","slope.jja3",-1045.39814700731
27,20.05175,20,31,11,25,15,"dece","slope.jja3",-1045.39814700731
28,26.8505,27,39,16,33,21,"dece","slope.jja3",-1045.39814700731
29,0.15325,0,1,0,0,0,"dece","slope.jja3",-1045.39814700731
30,0.08275,0,1,0,0,0,"dece","slope.jja3",-1045.39814700731
31,0.02825,0,1,0,0,0,"dece","slope.jja3",-1045.39814700731
32,0.0165,0,0,0,0,0,"dece","slope.jja3",-1045.39814700731
33,11.1945,11,20,4,15,7,"dece","slope.jja3",-1045.39814700731
34,0.848,1,3,0,2,0,"dece","slope.jja3",-1045.39814700731
35,3.9355,4,9,0,6,2,"dece","slope.jja3",-1045.39814700731
36,40.66625,40,55,28,48,34,"dece","slope.jja3",-1045.39814700731
37,0.03025,0,1,0,0,0,"dece","slope.jja3",-1045.39814700731
38,55.3745,55,69,41,62,48,"dece","slope.jja3",-1045.39814700731
39,0.01275,0,0,0,0,0,"dece","slope.jja3",-1045.39814700731
40,0.0185,0,0,0,0,0,"dece","slope.jja3",-1045.39814700731
41,0.0275,0,1,0,0,0,"dece","slope.jja3",-1045.39814700731
42,0.02575,0,1,0,0,0,"dece","slope.jja3",-1045.39814700731
43,27.49075,27,40,16,33.1590000000001,22,"dece","slope.jja3",-1045.39814700731
44,52.3615,52,67,38,59,45,"dece","slope.jja3",-1045.39814700731
45,0.106,0,1,0,0,0,"dece","slope.jja3",-1045.39814700731
46,51.665,52,66,38,59,45,"dece","slope.jja3",-1045.39814700731
47,4.75075,5,10,1,7,2,"dece","slope.jja3",-1045.39814700731
48,0.02475,0,0,0,0,0,"dece","slope.jja3",-1045.39814700731
49,2.0755,2,6,0,3,1,"dece","slope.jja3",-1045.39814700731
50,0.02525,0,0,0,0,0,"dece","slope.jja3",-1045.39814700731
51,0.0115,0,0,0,0,0,"dece","slope.jja3",-1045.39814700731
52,2.676,2,7,0,4,1,"dece","slope.jja3",-1045.39814700731
53,0.02975,0,1,0,0,0,"dece","slope.jja3",-1045.39814700731
54,9.69025,9,18,4,13,6,"dece","slope.jja3",-1045.39814700731
55,1.93125,2,5,0,3,0,"dece","slope.jja3",-1045.39814700731
56,0.95225,1,3,0,2,0,"dece","slope.jja3",-1045.39814700731
57,3.46875,3,8,0,5,1,"dece","slope.jja3",-1045.39814700731
58,1.3875,1,4,0,3,0,"dece","slope.jja3",-1045.39814700731
59,0.14825,0,1,0,0,0,"dece","slope.jja3",-1045.39814700731
60,10.9605,11,19,4,15,7,"dece","slope.jja3",-1045.39814700731
61,0.157,0,1,0,0,0,"dece","slope.jja3",-1045.39814700731
62,0.02475,0,0,0,0,0,"dece","slope.jja3",-1045.39814700731
63,0.0235,0,0,0,0,0,"dece","slope.jja3",-1045.39814700731
64,0.08825,0,1,0,0,0,"dece","slope.jja3",-1045.39814700731
65,1.24825,1,4,0,2,0,"dece","slope.jja3",-1045.39814700731
66,0.03175,0,1,0,0,0,"dece","slope.jja3",-1045.39814700731
67,17.55075,17,28,9,22,13,"dece","slope.jja3",-1045.39814700731
68,0.256,0,2,0,1,0,"dece","slope.jja3",-1045.39814700731
69,0.02,0,0,0,0,0,"dece","slope.jja3",-1045.39814700731
70,0.0195,0,0,0,0,0,"dece","slope.jja3",-1045.39814700731
71,0.0275,0,1,0,0,0,"dece","slope.jja3",-1045.39814700731
72,0.0725,0,1,0,0,0,"dece","slope.jja3",-1045.39814700731
73,0.162,0,1,0,0,0,"dece","slope.jja3",-1045.39814700731
74,29.554,29,42,18,36,23,"dece","slope.jja3",-1045.39814700731
75,0.02675,0,0.0250000000000909,0,0,0,"dece","slope.jja3",-1045.39814700731
76,6.31725,6,12,2,9,4,"dece","slope.jja3",-1045.39814700731
77,1.7225,2,5,0,3,0,"dece","slope.jja3",-1045.39814700731
78,0.02325,0,0,0,0,0,"dece","slope.jja3",-1045.39814700731
79,0.0345,0,1,0,0,0,"dece","slope.jja3",-1045.39814700731
80,0.01275,0,0,0,0,0,"dece","slope.jja3",-1045.39814700731
81,0.011,0,0,0,0,0,"dece","slope.jja3",-1045.39814700731
82,0.02875,0,1,0,0,0,"dece","slope.jja3",-1045.39814700731
83,0.016,0,0,0,0,0,"dece","slope.jja3",-1045.39814700731
84,0.01925,0,0,0,0,0,"dece","slope.jja3",-1045.39814700731
85,0.01675,0,0,0,0,0,"dece","slope.jja3",-1045.39814700731
86,0.04125,0,1,0,0,0,"dece","slope.jja3",-1045.39814700731
87,0.005,0,0,0,0,0,"dece","slope.jja3",-1045.39814700731
88,0.0015,0,0,0,0,0,"dece","slope.jja3",-1045.39814700731
89,0.019,0,0,0,0,0,"dece","slope.jja3",-1045.39814700731
90,20.9815,20,37,8,28,14,"dece","slope.jja3",-1045.39814700731
91,0.0865,0,1,0,0,0,"dece","slope.jja3",-1045.39814700731
92,17.03025,16,32,6,23,11,"dece","slope.jja3",-1045.39814700731
93,30.98775,30,50,15,39,23,"dece","slope.jja3",-1045.39814700731
94,7.19875,7,15,2,10,4,"dece","slope.jja3",-1045.39814700731
95,11.05,10,22,3,16,6,"dece","slope.jja3",-1045.39814700731
96,14.65325,14,29,5,20,9,"dece","slope.jja3",-1045.39814700731
97,4.07375,4,10,0,6,2,"dece","slope.jja3",-1045.39814700731
98,0.00375,0,0,0,0,0,"dece","slope.jja3",-1045.39814700731
99,0.0755,0,1,0,0,0,"dece","slope.jja3",-1045.39814700731
100,0.028,0,1,0,0,0,"dece","slope.jja3",-1045.39814700731
101,0.0355,0,1,0,0,0,"dece","slope.jja3",-1045.39814700731
102,0.03525,0,1,0,0,0,"dece","slope.jja3",-1045.39814700731
103,19.05675,18,35,8,25,12,"dece","slope.jja3",-1045.39814700731
104,15.29575,15,29,6,21,10,"dece","slope.jja3",-1045.39814700731
105,14.22175,14,27,5,20,9,"dece","slope.jja3",-1045.39814700731
106,0.83225,1,3,0,2,0,"dece","slope.jja3",-1045.39814700731
107,0.01375,0,0,0,0,0,"dece","slope.jja3",-1045.39814700731
108,0.0045,0,0,0,0,0,"dece","slope.jja3",-1045.39814700731
109,0.01925,0,0,0,0,0,"dece","slope.jja3",-1045.39814700731
110,31.626,31,51,16,40,23,"dece","slope.jja3",-1045.39814700731
111,10.157,10,21,3,14,6,"dece","slope.jja3",-1045.39814700731
112,3.388,3,9,0,6,1,"dece","slope.jja3",-1045.39814700731
113,11.72175,11,23,4,16,7,"dece","slope.jja3",-1045.39814700731
114,24.96325,24,43,11,32,17,"dece","slope.jja3",-1045.39814700731
115,17.93775,17,32,7,24,12,"dece","slope.jja3",-1045.39814700731
116,24.07125,23,41,11,32,17,"dece","slope.jja3",-1045.39814700731
117,0.1395,0,1,0,0,0,"dece","slope.jja3",-1045.39814700731
118,0.072,0,1,0,0,0,"dece","slope.jja3",-1045.39814700731
119,0.0235,0,0,0,0,0,"dece","slope.jja3",-1045.39814700731
120,0.02225,0,0,0,0,0,"dece","slope.jja3",-1045.39814700731
121,9.92775,9,20,3,14,6,"dece","slope.jja3",-1045.39814700731
122,0.754,1,3,0,2,0,"dece","slope.jja3",-1045.39814700731
123,3.5365,3,9,0,6,1,"dece","slope.jja3",-1045.39814700731
124,37.168,37,57,20,46,28,"dece","slope.jja3",-1045.39814700731
125,0.02675,0,1,0,0,0,"dece","slope.jja3",-1045.39814700731
126,51.31725,51,71,32,61,41,"dece","slope.jja3",-1045.39814700731
127,0.01,0,0,0,0,0,"dece","slope.jja3",-1045.39814700731
128,0.016,0,0,0,0,0,"dece","slope.jja3",-1045.39814700731
129,0.0295,0,1,0,0,0,"dece","slope.jja3",-1045.39814700731
130,0.02425,0,0,0,0,0,"dece","slope.jja3",-1045.39814700731
131,24.683,24,42,11,32,17,"dece","slope.jja3",-1045.39814700731
132,48.36825,48,69,29.975,58,39,"dece","slope.jja3",-1045.39814700731
133,0.09225,0,1,0,0,0,"dece","slope.jja3",-1045.39814700731
134,47.635,47,68,28,57,38,"dece","slope.jja3",-1045.39814700731
135,4.23525,4,10,0,7,2,"dece","slope.jja3",-1045.39814700731
136,0.0265,0,0,0,0,0,"dece","slope.jja3",-1045.39814700731
137,1.84925,2,5,0,3,0,"dece","slope.jja3",-1045.39814700731
138,0.0205,0,0,0,0,0,"dece","slope.jja3",-1045.39814700731
139,0.01025,0,0,0,0,0,"dece","slope.jja3",-1045.39814700731
140,2.3615,2,6,0,4,1,"dece","slope.jja3",-1045.39814700731
141,0.02725,0,1,0,0,0,"dece","slope.jja3",-1045.39814700731
142,8.5515,8,18,2,12,5,"dece","slope.jja3",-1045.39814700731
143,1.687,1,5,0,3,0,"dece","slope.jja3",-1045.39814700731
144,0.85175,1,3,0,2,0,"dece","slope.jja3",-1045.39814700731
145,3.05,3,8,0,5,1,"dece","slope.jja3",-1045.39814700731
146,1.21025,1,4,0,2,0,"dece","slope.jja3",-1045.39814700731
147,0.13775,0,1,0,0,0,"dece","slope.jja3",-1045.39814700731
148,9.78275,9,20,3,14,5,"dece","slope.jja3",-1045.39814700731
149,0.14125,0,1,0,0,0,"dece","slope.jja3",-1045.39814700731
150,0.02125,0,0,0,0,0,"dece","slope.jja3",-1045.39814700731
151,0.0235,0,0,0,0,0,"dece","slope.jja3",-1045.39814700731
152,0.08175,0,1,0,0,0,"dece","slope.jja3",-1045.39814700731
153,1.10175,1,4,0,2,0,"dece","slope.jja3",-1045.39814700731
154,0.029,0,1,0,0,0,"dece","slope.jja3",-1045.39814700731
155,15.57425,15,29,6,21,10,"dece","slope.jja3",-1045.39814700731
156,0.22425,0,2,0,1,0,"dece","slope.jja3",-1045.39814700731
157,0.0175,0,0,0,0,0,"dece","slope.jja3",-1045.39814700731
158,0.01675,0,0,0,0,0,"dece","slope.jja3",-1045.39814700731
159,0.01875,0,0,0,0,0,"dece","slope.jja3",-1045.39814700731
160,0.05875,0,1,0,0,0,"dece","slope.jja3",-1045.39814700731
161,0.15575,0,1,0,0,0,"dece","slope.jja3",-1045.39814700731
162,26.61125,26,44,12.975,34,19,"dece","slope.jja3",-1045.39814700731
163,0.02625,0,0.0250000000000909,0,0,0,"dece","slope.jja3",-1045.39814700731
164,5.6175,5,13,1,8,3,"dece","slope.jja3",-1045.39814700731
165,1.52825,1,5,0,3,0,"dece","slope.jja3",-1045.39814700731
166,0.01925,0,0,0,0,0,"dece","slope.jja3",-1045.39814700731
167,0.033,0,1,0,0,0,"dece","slope.jja3",-1045.39814700731
168,0.00875,0,0,0,0,0,"dece","slope.jja3",-1045.39814700731
169,0.01125,0,0,0,0,0,"dece","slope.jja3",-1045.39814700731
170,0.0245,0,0,0,0,0,"dece","slope.jja3",-1045.39814700731
171,0.01175,0,0,0,0,0,"dece","slope.jja3",-1045.39814700731
172,0.015,0,0,0,0,0,"dece","slope.jja3",-1045.39814700731
173,0.01625,0,0,0,0,0,"dece","slope.jja3",-1045.39814700731
174,0.042,0,1,0,0,0,"dece","slope.jja3",-1045.39814700731
175,0.0035,0,0,0,0,0,"dece","slope.jja3",-1045.39814700731
176,0.001,0,0,0,0,0,"dece","slope.jja3",-1045.39814700731
177,0.0215,0,0,0,0,0,"dece","slope.jja3",-1045.39814700731
178,22.16825,22,35,11,28,16,"dece","slope.jja3",-1045.39814700731
179,0.1,0,1,0,0,0,"dece","slope.jja3",-1045.39814700731
180,17.91075,18,30,8,23,13,"dece","slope.jja3",-1045.39814700731
181,32.40975,32,49,18,40,25,"dece","slope.jja3",-1045.39814700731
182,7.56475,7,15,2,11,4,"dece","slope.jja3",-1045.39814700731
183,11.73875,11,21,4,16,7,"dece","slope.jja3",-1045.39814700731
184,15.435,15,27,7,20,10,"dece","slope.jja3",-1045.39814700731
185,4.328,4,10,1,7,2,"dece","slope.jja3",-1045.39814700731
186,0.004,0,0,0,0,0,"dece","slope.jja3",-1045.39814700731
187,0.08325,0,1,0,0,0,"dece","slope.jja3",-1045.39814700731
188,0.0235,0,0,0,0,0,"dece","slope.jja3",-1045.39814700731
189,0.0395,0,1,0,0,0,"dece","slope.jja3",-1045.39814700731
190,0.0305,0,1,0,0,0,"dece","slope.jja3",-1045.39814700731
191,20.01975,20,33,10,26,14,"dece","slope.jja3",-1045.39814700731
192,16.2115,16,28,7,21,11,"dece","slope.jja3",-1045.39814700731
193,14.953,15,26,6,20,10,"dece","slope.jja3",-1045.39814700731
194,0.9185,1,3,0,2,0,"dece","slope.jja3",-1045.39814700731
195,0.0135,0,0,0,0,0,"dece","slope.jja3",-1045.39814700731
196,0.0055,0,0,0,0,0,"dece","slope.jja3",-1045.39814700731
197,0.01925,0,0,0,0,0,"dece","slope.jja3",-1045.39814700731
198,33.25575,33,50,19,41,26,"dece","slope.jja3",-1045.39814700731
199,10.71475,10,20,4,15,7,"dece","slope.jja3",-1045.39814700731
200,3.58825,3,8,0,6,2,"dece","slope.jja3",-1045.39814700731
201,12.4055,12,22,5,17,8,"dece","slope.jja3",-1045.39814700731
202,26.18975,26,41,14,33,19,"dece","slope.jja3",-1045.39814700731
203,18.9255,18,31,9,25,13,"dece","slope.jja3",-1045.39814700731
204,25.3135,25,40,13,32,19,"dece","slope.jja3",-1045.39814700731
205,0.14875,0,1,0,0,0,"dece","slope.jja3",-1045.39814700731
206,0.066,0,1,0,0,0,"dece","slope.jja3",-1045.39814700731
207,0.02475,0,0,0,0,0,"dece","slope.jja3",-1045.39814700731
208,0.01925,0,0,0,0,0,"dece","slope.jja3",-1045.39814700731
209,10.5165,10,20,3,15,7,"dece","slope.jja3",-1045.39814700731
210,0.8135,1,3,0,2,0,"dece","slope.jja3",-1045.39814700731
211,3.68375,3,9,0,6,2,"dece","slope.jja3",-1045.39814700731
212,38.81025,39,56,24,47,31,"dece","slope.jja3",-1045.39814700731
213,0.028,0,1,0,0,0,"dece","slope.jja3",-1045.39814700731
214,53.5175,54,70,37,62,45,"dece","slope.jja3",-1045.39814700731
215,0.01025,0,0,0,0,0,"dece","slope.jja3",-1045.39814700731
216,0.014,0,0,0,0,0,"dece","slope.jja3",-1045.39814700731
217,0.0265,0,1,0,0,0,"dece","slope.jja3",-1045.39814700731
218,0.0245,0,0,0,0,0,"dece","slope.jja3",-1045.39814700731
219,26.13275,26,41,14,33,19,"dece","slope.jja3",-1045.39814700731
220,50.52475,51,67,34,59,42,"dece","slope.jja3",-1045.39814700731
221,0.09975,0,1,0,0,0,"dece","slope.jja3",-1045.39814700731
222,49.73575,50,67,33,58,41,"dece","slope.jja3",-1045.39814700731
223,4.514,4,10,1,7,2,"dece","slope.jja3",-1045.39814700731
224,0.02375,0,0,0,0,0,"dece","slope.jja3",-1045.39814700731
225,1.96,2,6,0,3,0,"dece","slope.jja3",-1045.39814700731
226,0.0205,0,0,0,0,0,"dece","slope.jja3",-1045.39814700731
227,0.01075,0,0,0,0,0,"dece","slope.jja3",-1045.39814700731
228,2.50225,2,7,0,4,1,"dece","slope.jja3",-1045.39814700731
229,0.03225,0,1,0,0,0,"dece","slope.jja3",-1045.39814700731
230,8.9775,9,17,3,13,5,"dece","slope.jja3",-1045.39814700731
231,1.817,2,5,0,3,0,"dece","slope.jja3",-1045.39814700731
232,0.895,1,3,0,2,0,"dece","slope.jja3",-1045.39814700731
233,3.25575,3,8,0,5,1,"dece","slope.jja3",-1045.39814700731
234,1.283,1,4,0,2,0,"dece","slope.jja3",-1045.39814700731
235,0.154,0,1,0,0,0,"dece","slope.jja3",-1045.39814700731
236,10.29875,10,19.0250000000001,3,14,6,"dece","slope.jja3",-1045.39814700731
237,0.1415,0,1,0,0,0,"dece","slope.jja3",-1045.39814700731
238,0.0185,0,0,0,0,0,"dece","slope.jja3",-1045.39814700731
239,0.02425,0,0,0,0,0,"dece","slope.jja3",-1045.39814700731
240,0.083,0,1,0,0,0,"dece","slope.jja3",-1045.39814700731
241,1.1835,1,4,0,2,0,"dece","slope.jja3",-1045.39814700731
242,0.0285,0,1,0,0,0,"dece","slope.jja3",-1045.39814700731
243,16.42325,16,28,7,22,11,"dece","slope.jja3",-1045.39814700731
244,0.241,0,2,0,1,0,"dece","slope.jja3",-1045.39814700731
245,0.01625,0,0,0,0,0,"dece","slope.jja3",-1045.39814700731
246,0.02,0,0,0,0,0,"dece","slope.jja3",-1045.39814700731
247,0.02275,0,0,0,0,0,"dece","slope.jja3",-1045.39814700731
248,0.067,0,1,0,0,0,"dece","slope.jja3",-1045.39814700731
249,0.16325,0,1,0,0,0,"dece","slope.jja3",-1045.39814700731
250,28.00275,28,43,15,35,21,"dece","slope.jja3",-1045.39814700731
251,0.0275,0,1,0,0,0,"dece","slope.jja3",-1045.39814700731
252,5.834,6,12,1,9,3,"dece","slope.jja3",-1045.39814700731
253,1.55975,1,5,0,3,0,"dece","slope.jja3",-1045.39814700731
254,0.01675,0,0,0,0,0,"dece","slope.jja3",-1045.39814700731
255,0.03225,0,1,0,0,0,"dece","slope.jja3",-1045.39814700731
256,0.01075,0,0,0,0,0,"dece","slope.jja3",-1045.39814700731
257,0.0115,0,0,0,0,0,"dece","slope.jja3",-1045.39814700731
258,0.02075,0,0,0,0,0,"dece","slope.jja3",-1045.39814700731
259,0.01375,0,0,0,0,0,"dece","slope.jja3",-1045.39814700731
260,0.02225,0,0,0,0,0,"dece","slope.jja3",-1045.39814700731
261,0.0165,0,0,0,0,0,"dece","slope.jja3",-1045.39814700731
262,0.044,0,1,0,0,0,"dece","slope.jja3",-1045.39814700731
263,0.00325,0,0,0,0,0,"dece","slope.jja3",-1045.39814700731
264,0.0015,0,0,0,0,0,"dece","slope.jja3",-1045.39814700731
1,0.021,0,0,0,0,0,"dece","noslope.jja3",-1044.66824340421
2,23.41725,23,35,13,29,18,"dece","noslope.jja3",-1044.66824340421
3,0.09725,0,1,0,0,0,"dece","noslope.jja3",-1044.66824340421
4,18.81025,19,29,10,24,14,"dece","noslope.jja3",-1044.66824340421
5,34.02225,34,47,22,40,27,"dece","noslope.jja3",-1044.66824340421
6,7.91475,8,15,3,11,5,"dece","noslope.jja3",-1044.66824340421
7,12.47575,12,21,6,16,8,"dece","noslope.jja3",-1044.66824340421
8,16.24025,16,27,8,21,12,"dece","noslope.jja3",-1044.66824340421
9,4.53375,4,10,1,7,2,"dece","noslope.jja3",-1044.66824340421
10,0.0145,0,0,0,0,0,"dece","noslope.jja3",-1044.66824340421
11,0.10625,0,1,0,0,0,"dece","noslope.jja3",-1044.66824340421
12,0.0205,0,0,0,0,0,"dece","noslope.jja3",-1044.66824340421
13,0.02725,0,1,0,0,0,"dece","noslope.jja3",-1044.66824340421
14,0.028,0,1,0,0,0,"dece","noslope.jja3",-1044.66824340421
15,21.244,21,32,11,26,16,"dece","noslope.jja3",-1044.66824340421
16,16.9665,17,27,8,22,12,"dece","noslope.jja3",-1044.66824340421
17,15.807,16,26,8,20,11,"dece","noslope.jja3",-1044.66824340421
18,0.9365,1,3,0,2,0,"dece","noslope.jja3",-1044.66824340421
19,0.01125,0,0,0,0,0,"dece","noslope.jja3",-1044.66824340421
20,0.00775,0,0,0,0,0,"dece","noslope.jja3",-1044.66824340421
21,0.0295,0,1,0,0,0,"dece","noslope.jja3",-1044.66824340421
22,35.0885,35,49,23,42,29,"dece","noslope.jja3",-1044.66824340421
23,11.32475,11,20,5,15,7,"dece","noslope.jja3",-1044.66824340421
24,3.788,4,9,0,6,2,"dece","noslope.jja3",-1044.66824340421
25,13.0705,13,22,6,17,9,"dece","noslope.jja3",-1044.66824340421
26,27.627,28,40,16,34,21,"dece","noslope.jja3",-1044.66824340421
27,19.7135,19,30,11,25,15,"dece","noslope.jja3",-1044.66824340421
28,26.52925,26,38,16,32,21,"dece","noslope.jja3",-1044.66824340421
29,0.1525,0,1,0,0,0,"dece","noslope.jja3",-1044.66824340421
30,0.08,0,1,0,0,0,"dece","noslope.jja3",-1044.66824340421
31,0.0245,0,0,0,0,0,"dece","noslope.jja3",-1044.66824340421
32,0.0365,0,1,0,0,0,"dece","noslope.jja3",-1044.66824340421
33,10.99025,11,19,5,15,7,"dece","noslope.jja3",-1044.66824340421
34,0.8335,1,3,0,2,0,"dece","noslope.jja3",-1044.66824340421
35,3.904,4,9,0,6,2,"dece","noslope.jja3",-1044.66824340421
36,40.49975,40,54,28,47,34,"dece","noslope.jja3",-1044.66824340421
37,0.01325,0,0,0,0,0,"dece","noslope.jja3",-1044.66824340421
38,55.32625,56,69,41,62,48,"dece","noslope.jja3",-1044.66824340421
39,0.013,0,0,0,0,0,"dece","noslope.jja3",-1044.66824340421
40,0.01575,0,0,0,0,0,"dece","noslope.jja3",-1044.66824340421
41,0.0245,0,0,0,0,0,"dece","noslope.jja3",-1044.66824340421
42,0.02775,0,1,0,0,0,"dece","noslope.jja3",-1044.66824340421
43,27.302,27,40,16,33,21,"dece","noslope.jja3",-1044.66824340421
44,52.348,52,66,38,59,45,"dece","noslope.jja3",-1044.66824340421
45,0.0935,0,1,0,0,0,"dece","noslope.jja3",-1044.66824340421
46,51.39525,51,65,38,58,44,"dece","noslope.jja3",-1044.66824340421
47,4.70825,5,10,1,7,2,"dece","noslope.jja3",-1044.66824340421
48,0.0145,0,0,0,0,0,"dece","noslope.jja3",-1044.66824340421
49,2.0685,2,6,0,4,1,"dece","noslope.jja3",-1044.66824340421
50,0.013,0,0,0,0,0,"dece","noslope.jja3",-1044.66824340421
51,0.0245,0,0,0,0,0,"dece","noslope.jja3",-1044.66824340421
52,2.69275,2,7,0,4,1,"dece","noslope.jja3",-1044.66824340421
53,0.03225,0,1,0,0,0,"dece","noslope.jja3",-1044.66824340421
54,9.538,9,17,4,13,6,"dece","noslope.jja3",-1044.66824340421
55,1.91,2,5,0,3,0,"dece","noslope.jja3",-1044.66824340421
56,0.91475,1,3,0,2,0,"dece","noslope.jja3",-1044.66824340421
57,3.4015,3,8,0,5,1,"dece","noslope.jja3",-1044.66824340421
58,1.3535,1,4,0,3,0,"dece","noslope.jja3",-1044.66824340421
59,0.159,0,1,0,0,0,"dece","noslope.jja3",-1044.66824340421
60,10.98125,11,19,4,15,7,"dece","noslope.jja3",-1044.66824340421
61,0.17575,0,1,0,0,0,"dece","noslope.jja3",-1044.66824340421
62,0.0235,0,0,0,0,0,"dece","noslope.jja3",-1044.66824340421
63,0.02525,0,0,0,0,0,"dece","noslope.jja3",-1044.66824340421
64,0.09125,0,1,0,0,0,"dece","noslope.jja3",-1044.66824340421
65,1.244,1,4,0,2,0,"dece","noslope.jja3",-1044.66824340421
66,0.02475,0,0,0,0,0,"dece","noslope.jja3",-1044.66824340421
67,17.517,17,27,9,22,13,"dece","noslope.jja3",-1044.66824340421
68,0.2545,0,2,0,1,0,"dece","noslope.jja3",-1044.66824340421
69,0.014,0,0,0,0,0,"dece","noslope.jja3",-1044.66824340421
70,0.01925,0,0,0,0,0,"dece","noslope.jja3",-1044.66824340421
71,0.0285,0,1,0,0,0,"dece","noslope.jja3",-1044.66824340421
72,0.09275,0,1,0,0,0,"dece","noslope.jja3",-1044.66824340421
73,0.1825,0,1,0,0,0,"dece","noslope.jja3",-1044.66824340421
74,29.36125,29,42,18,35,23,"dece","noslope.jja3",-1044.66824340421
75,0.0295,0,1,0,0,0,"dece","noslope.jja3",-1044.66824340421
76,6.27325,6,12,2,9,4,"dece","noslope.jja3",-1044.66824340421
77,1.67225,1,5,0,3,0,"dece","noslope.jja3",-1044.66824340421
78,0.0195,0,0,0,0,0,"dece","noslope.jja3",-1044.66824340421
79,0.02025,0,0,0,0,0,"dece","noslope.jja3",-1044.66824340421
80,0.01325,0,0,0,0,0,"dece","noslope.jja3",-1044.66824340421
81,0.01225,0,0,0,0,0,"dece","noslope.jja3",-1044.66824340421
82,0.014,0,0,0,0,0,"dece","noslope.jja3",-1044.66824340421
83,0.018,0,0,0,0,0,"dece","noslope.jja3",-1044.66824340421
84,0.01425,0,0,0,0,0,"dece","noslope.jja3",-1044.66824340421
85,0.0145,0,0,0,0,0,"dece","noslope.jja3",-1044.66824340421
86,0.0735,0,1,0,0,0,"dece","noslope.jja3",-1044.66824340421
87,0.01475,0,0,0,0,0,"dece","noslope.jja3",-1044.66824340421
88,0.01575,0,0,0,0,0,"dece","noslope.jja3",-1044.66824340421
89,0.022,0,0,0,0,0,"dece","noslope.jja3",-1044.66824340421
90,20.8415,20,36,9,28,14,"dece","noslope.jja3",-1044.66824340421
91,0.08875,0,1,0,0,0,"dece","noslope.jja3",-1044.66824340421
92,16.8045,16,31,7,23,11,"dece","noslope.jja3",-1044.66824340421
93,30.84475,30,49,16,39,23,"dece","noslope.jja3",-1044.66824340421
94,7.1265,7,15,2,10,4,"dece","noslope.jja3",-1044.66824340421
95,10.91825,10,21,3,15,6,"dece","noslope.jja3",-1044.66824340421
96,14.41375,14,27,5,20,9,"dece","noslope.jja3",-1044.66824340421
97,4.06625,4,10,0,6,2,"dece","noslope.jja3",-1044.66824340421
98,0.01125,0,0,0,0,0,"dece","noslope.jja3",-1044.66824340421
99,0.08225,0,1,0,0,0,"dece","noslope.jja3",-1044.66824340421
100,0.0215,0,0,0,0,0,"dece","noslope.jja3",-1044.66824340421
101,0.02725,0,1,0,0,0,"dece","noslope.jja3",-1044.66824340421
102,0.02525,0,0,0,0,0,"dece","noslope.jja3",-1044.66824340421
103,18.8575,18,33,8,25,12,"dece","noslope.jja3",-1044.66824340421
104,15.11575,15,29,6,20,10,"dece","noslope.jja3",-1044.66824340421
105,14.084,14,27,5,19,9,"dece","noslope.jja3",-1044.66824340421
106,0.83275,1,3,0,2,0,"dece","noslope.jja3",-1044.66824340421
107,0.01075,0,0,0,0,0,"dece","noslope.jja3",-1044.66824340421
108,0.0095,0,0,0,0,0,"dece","noslope.jja3",-1044.66824340421
109,0.025,0,0,0,0,0,"dece","noslope.jja3",-1044.66824340421
110,31.5675,31,50,16,40,23,"dece","noslope.jja3",-1044.66824340421
111,10.08075,10,20,3,14,6,"dece","noslope.jja3",-1044.66824340421
112,3.33425,3,8,0,5.15900000000011,1,"dece","noslope.jja3",-1044.66824340421
113,11.43925,11,22,4,16,7,"dece","noslope.jja3",-1044.66824340421
114,24.82575,24,41,11,32,17,"dece","noslope.jja3",-1044.66824340421
115,17.663,17,32,7,24,12,"dece","noslope.jja3",-1044.66824340421
116,23.61925,23,39,10,31,17,"dece","noslope.jja3",-1044.66824340421
117,0.134,0,1,0,0,0,"dece","noslope.jja3",-1044.66824340421
118,0.067,0,1,0,0,0,"dece","noslope.jja3",-1044.66824340421
119,0.02775,0,1,0,0,0,"dece","noslope.jja3",-1044.66824340421
120,0.02525,0,0,0,0,0,"dece","noslope.jja3",-1044.66824340421
121,9.756,9,20,3,14,6,"dece","noslope.jja3",-1044.66824340421
122,0.767,0,3,0,2,0,"dece","noslope.jja3",-1044.66824340421
123,3.41875,3,8,0,5,1,"dece","noslope.jja3",-1044.66824340421
124,36.85525,37,56,20,46,28,"dece","noslope.jja3",-1044.66824340421
125,0.011,0,0,0,0,0,"dece","noslope.jja3",-1044.66824340421
126,51.12425,51,70,32,61,42,"dece","noslope.jja3",-1044.66824340421
127,0.012,0,0,0,0,0,"dece","noslope.jja3",-1044.66824340421
128,0.01325,0,0,0,0,0,"dece","noslope.jja3",-1044.66824340421
129,0.02425,0,0,0,0,0,"dece","noslope.jja3",-1044.66824340421
130,0.02225,0,0,0,0,0,"dece","noslope.jja3",-1044.66824340421
131,24.6665,24,41,11,32,17,"dece","noslope.jja3",-1044.66824340421
132,48.277,48,68,29,58,39,"dece","noslope.jja3",-1044.66824340421
133,0.08975,0,1,0,0,0,"dece","noslope.jja3",-1044.66824340421
134,47.3525,47,67,29,57,38,"dece","noslope.jja3",-1044.66824340421
135,4.179,4,10,0,7,2,"dece","noslope.jja3",-1044.66824340421
136,0.01225,0,0,0,0,0,"dece","noslope.jja3",-1044.66824340421
137,1.8345,2,6,0,3,0,"dece","noslope.jja3",-1044.66824340421
138,0.01175,0,0,0,0,0,"dece","noslope.jja3",-1044.66824340421
139,0.0205,0,0,0,0,0,"dece","noslope.jja3",-1044.66824340421
140,2.34225,2,7,0,4,1,"dece","noslope.jja3",-1044.66824340421
141,0.02975,0,1,0,0,0,"dece","noslope.jja3",-1044.66824340421
142,8.41075,8,18,2,12,5,"dece","noslope.jja3",-1044.66824340421
143,1.6805,1,5,0,3,0,"dece","noslope.jja3",-1044.66824340421
144,0.78275,1,3,0,2,0,"dece","noslope.jja3",-1044.66824340421
145,3.031,3,8,0,5,1,"dece","noslope.jja3",-1044.66824340421
146,1.189,1,4,0,2,0,"dece","noslope.jja3",-1044.66824340421
147,0.144,0,1,0,0,0,"dece","noslope.jja3",-1044.66824340421
148,9.69,9,20,3,14,6,"dece","noslope.jja3",-1044.66824340421
149,0.153,0,1,0,0,0,"dece","noslope.jja3",-1044.66824340421
150,0.0225,0,0,0,0,0,"dece","noslope.jja3",-1044.66824340421
151,0.0265,0,1,0,0,0,"dece","noslope.jja3",-1044.66824340421
152,0.0885,0,1,0,0,0,"dece","noslope.jja3",-1044.66824340421
153,1.14325,1,4,0,2,0,"dece","noslope.jja3",-1044.66824340421
154,0.019,0,0,0,0,0,"dece","noslope.jja3",-1044.66824340421
155,15.4815,15,28,6,21,10,"dece","noslope.jja3",-1044.66824340421
156,0.23025,0,2,0,1,0,"dece","noslope.jja3",-1044.66824340421
157,0.01375,0,0,0,0,0,"dece","noslope.jja3",-1044.66824340421
158,0.017,0,0,0,0,0,"dece","noslope.jja3",-1044.66824340421
159,0.02675,0,1,0,0,0,"dece","noslope.jja3",-1044.66824340421
160,0.08675,0,1,0,0,0,"dece","noslope.jja3",-1044.66824340421
161,0.1645,0,1,0,0,0,"dece","noslope.jja3",-1044.66824340421
162,26.39975,26,43,12,34,19,"dece","noslope.jja3",-1044.66824340421
163,0.021,0,0,0,0,0,"dece","noslope.jja3",-1044.66824340421
164,5.59,5,12.0250000000001,1,8,3,"dece","noslope.jja3",-1044.66824340421
165,1.4595,1,5,0,3,0,"dece","noslope.jja3",-1044.66824340421
166,0.018,0,0,0,0,0,"dece","noslope.jja3",-1044.66824340421
167,0.022,0,0,0,0,0,"dece","noslope.jja3",-1044.66824340421
168,0.011,0,0,0,0,0,"dece","noslope.jja3",-1044.66824340421
169,0.0115,0,0,0,0,0,"dece","noslope.jja3",-1044.66824340421
170,0.01375,0,0,0,0,0,"dece","noslope.jja3",-1044.66824340421
171,0.01625,0,0,0,0,0,"dece","noslope.jja3",-1044.66824340421
172,0.011,0,0,0,0,0,"dece","noslope.jja3",-1044.66824340421
173,0.014,0,0,0,0,0,"dece","noslope.jja3",-1044.66824340421
174,0.069,0,1,0,0,0,"dece","noslope.jja3",-1044.66824340421
175,0.01175,0,0,0,0,0,"dece","noslope.jja3",-1044.66824340421
176,0.011,0,0,0,0,0,"dece","noslope.jja3",-1044.66824340421
177,0.02175,0,0,0,0,0,"dece","noslope.jja3",-1044.66824340421
178,22.02975,22,35.0250000000001,11,28,16,"dece","noslope.jja3",-1044.66824340421
179,0.09775,0,1,0,0,0,"dece","noslope.jja3",-1044.66824340421
180,17.79075,17,29,8,23,12,"dece","noslope.jja3",-1044.66824340421
181,32.3575,32,48,19,40,25,"dece","noslope.jja3",-1044.66824340421
182,7.5145,7,15,2,11,4,"dece","noslope.jja3",-1044.66824340421
183,11.6215,11,21,4,16,7,"dece","noslope.jja3",-1044.66824340421
184,15.16625,15,26,6,20,10,"dece","noslope.jja3",-1044.66824340421
185,4.2665,4,10,1,7,2,"dece","noslope.jja3",-1044.66824340421
186,0.01175,0,0,0,0,0,"dece","noslope.jja3",-1044.66824340421
187,0.095,0,1,0,0,0,"dece","noslope.jja3",-1044.66824340421
188,0.023,0,0,0,0,0,"dece","noslope.jja3",-1044.66824340421
189,0.02125,0,0,0,0,0,"dece","noslope.jja3",-1044.66824340421
190,0.03025,0,1,0,0,0,"dece","noslope.jja3",-1044.66824340421
191,20.01,20,33,10,26,14,"dece","noslope.jja3",-1044.66824340421
192,15.92425,16,27,7,21,11,"dece","noslope.jja3",-1044.66824340421
193,14.75775,14,26,6,20,10,"dece","noslope.jja3",-1044.66824340421
194,0.86675,1,3,0,2,0,"dece","noslope.jja3",-1044.66824340421
195,0.00725,0,0,0,0,0,"dece","noslope.jja3",-1044.66824340421
196,0.00825,0,0,0,0,0,"dece","noslope.jja3",-1044.66824340421
197,0.0255,0,0,0,0,0,"dece","noslope.jja3",-1044.66824340421
198,33.233,33,49,19,41,26,"dece","noslope.jja3",-1044.66824340421
199,10.61375,10,19,4,14,7,"dece","noslope.jja3",-1044.66824340421
200,3.5205,3,8,0,5,1,"dece","noslope.jja3",-1044.66824340421
201,12.174,12,22,5,16,8,"dece","noslope.jja3",-1044.66824340421
202,26.09525,26,40.0250000000001,13,33,19,"dece","noslope.jja3",-1044.66824340421
203,18.545,18,30,9,24,13,"dece","noslope.jja3",-1044.66824340421
204,25.1345,25,38,13,32,19,"dece","noslope.jja3",-1044.66824340421
205,0.1445,0,1,0,0,0,"dece","noslope.jja3",-1044.66824340421
206,0.0875,0,1,0,0,0,"dece","noslope.jja3",-1044.66824340421
207,0.0265,0,1,0,0,0,"dece","noslope.jja3",-1044.66824340421
208,0.03125,0,1,0,0,0,"dece","noslope.jja3",-1044.66824340421
209,10.4265,10,19,4,14,7,"dece","noslope.jja3",-1044.66824340421
210,0.768,1,3,0,2,0,"dece","noslope.jja3",-1044.66824340421
211,3.65475,3,9,0,6,2,"dece","noslope.jja3",-1044.66824340421
212,38.712,39,54,24,47,31,"dece","noslope.jja3",-1044.66824340421
213,0.0145,0,0,0,0,0,"dece","noslope.jja3",-1044.66824340421
214,53.26025,53,69,37,62,45,"dece","noslope.jja3",-1044.66824340421
215,0.00975,0,0,0,0,0,"dece","noslope.jja3",-1044.66824340421
216,0.0155,0,0,0,0,0,"dece","noslope.jja3",-1044.66824340421
217,0.02775,0,1,0,0,0,"dece","noslope.jja3",-1044.66824340421
218,0.0245,0,0,0,0,0,"dece","noslope.jja3",-1044.66824340421
219,25.94025,26,40,14,33,19,"dece","noslope.jja3",-1044.66824340421
220,50.4675,51,66,34,58.1590000000001,42,"dece","noslope.jja3",-1044.66824340421
221,0.09575,0,1,0,0,0,"dece","noslope.jja3",-1044.66824340421
222,49.252,49,65,33,57,41,"dece","noslope.jja3",-1044.66824340421
223,4.42775,4,10,1,7,2,"dece","noslope.jja3",-1044.66824340421
224,0.0145,0,0,0,0,0,"dece","noslope.jja3",-1044.66824340421
225,1.9545,2,5,0,3,1,"dece","noslope.jja3",-1044.66824340421
226,0.01325,0,0,0,0,0,"dece","noslope.jja3",-1044.66824340421
227,0.02,0,0,0,0,0,"dece","noslope.jja3",-1044.66824340421
228,2.48525,2,7,0,4,1,"dece","noslope.jja3",-1044.66824340421
229,0.02875,0,1,0,0,0,"dece","noslope.jja3",-1044.66824340421
230,8.948,9,17,3,12,5,"dece","noslope.jja3",-1044.66824340421
231,1.75175,2,5,0,3,0,"dece","noslope.jja3",-1044.66824340421
232,0.8505,1,3,0,2,0,"dece","noslope.jja3",-1044.66824340421
233,3.18075,3,8,0,5,1,"dece","noslope.jja3",-1044.66824340421
234,1.2605,1,4,0,2,0,"dece","noslope.jja3",-1044.66824340421
235,0.14875,0,1,0,0,0,"dece","noslope.jja3",-1044.66824340421
236,10.24175,10,19,3,14,6,"dece","noslope.jja3",-1044.66824340421
237,0.16075,0,1,0,0,0,"dece","noslope.jja3",-1044.66824340421
238,0.02325,0,0,0,0,0,"dece","noslope.jja3",-1044.66824340421
239,0.024,0,0,0,0,0,"dece","noslope.jja3",-1044.66824340421
240,0.089,0,1,0,0,0,"dece","noslope.jja3",-1044.66824340421
241,1.1705,1,4,0,2,0,"dece","noslope.jja3",-1044.66824340421
242,0.0195,0,0,0,0,0,"dece","noslope.jja3",-1044.66824340421
243,16.467,16,27,7,21,11,"dece","noslope.jja3",-1044.66824340421
244,0.233,0,2,0,1,0,"dece","noslope.jja3",-1044.66824340421
245,0.01625,0,0,0,0,0,"dece","noslope.jja3",-1044.66824340421
246,0.015,0,0,0,0,0,"dece","noslope.jja3",-1044.66824340421
247,0.025,0,0,0,0,0,"dece","noslope.jja3",-1044.66824340421
248,0.0835,0,1,0,0,0,"dece","noslope.jja3",-1044.66824340421
249,0.158,0,1,0,0,0,"dece","noslope.jja3",-1044.66824340421
250,27.8165,28,42,15,34,21,"dece","noslope.jja3",-1044.66824340421
251,0.02575,0,0,0,0,0,"dece","noslope.jja3",-1044.66824340421
252,5.849,6,13,1,9,3,"dece","noslope.jja3",-1044.66824340421
253,1.57325,1,5,0,3,0,"dece","noslope.jja3",-1044.66824340421
254,0.01575,0,0,0,0,0,"dece","noslope.jja3",-1044.66824340421
255,0.01775,0,0,0,0,0,"dece","noslope.jja3",-1044.66824340421
256,0.01525,0,0,0,0,0,"dece","noslope.jja3",-1044.66824340421
257,0.0115,0,0,0,0,0,"dece","noslope.jja3",-1044.66824340421
258,0.0115,0,0,0,0,0,"dece","noslope.jja3",-1044.66824340421
259,0.0155,0,0,0,0,0,"dece","noslope.jja3",-1044.66824340421
260,0.0165,0,0,0,0,0,"dece","noslope.jja3",-1044.66824340421
261,0.012,0,0,0,0,0,"dece","noslope.jja3",-1044.66824340421
262,0.065,0,1,0,0,0,"dece","noslope.jja3",-1044.66824340421
263,0.0125,0,0,0,0,0,"dece","noslope.jja3",-1044.66824340421
264,0.012,0,0,0,0,0,"dece","noslope.jja3",-1044.66824340421
1,0.0375,0,1,0,0,0,"dece","slope.jja1",-1045.74914439161
2,30.5505,30,47.0250000000001,16,38,23,"dece","slope.jja1",-1045.74914439161
3,0.1495,0,1,0,0,0,"dece","slope.jja1",-1045.74914439161
4,25.47975,25,41,13,32,18,"dece","slope.jja1",-1045.74914439161
5,42.78425,43,61,26,51,34,"dece","slope.jja1",-1045.74914439161
6,11.2925,11,21,4,16,7,"dece","slope.jja1",-1045.74914439161
7,17.1355,17,30,7,23,11,"dece","slope.jja1",-1045.74914439161
8,22.2,22,36.0250000000001,10,28,16,"dece","slope.jja1",-1045.74914439161
9,6.5935,6,14,1,10,3,"dece","slope.jja1",-1045.74914439161
10,0.006,0,0,0,0,0,"dece","slope.jja1",-1045.74914439161
11,0.138,0,1,0,0,0,"dece","slope.jja1",-1045.74914439161
12,0.0355,0,1,0,0,0,"dece","slope.jja1",-1045.74914439161
13,0.04775,0,1,0,0,0,"dece","slope.jja1",-1045.74914439161
14,0.0455,0,1,0,0,0,"dece","slope.jja1",-1045.74914439161
15,28.1065,28,44,15,35,21,"dece","slope.jja1",-1045.74914439161
16,23.15325,23,38,11,30,17,"dece","slope.jja1",-1045.74914439161
17,21.56625,21,36,10,28,15,"dece","slope.jja1",-1045.74914439161
18,1.44325,1,5,0,3,0,"dece","slope.jja1",-1045.74914439161
19,0.01975,0,0,0,0,0,"dece","slope.jja1",-1045.74914439161
20,0.006,0,0,0,0,0,"dece","slope.jja1",-1045.74914439161
21,0.0375,0,1,0,0,0,"dece","slope.jja1",-1045.74914439161
22,43.60425,44,61,26,52,35,"dece","slope.jja1",-1045.74914439161
23,15.975,15,28,7,21,10,"dece","slope.jja1",-1045.74914439161
24,5.44725,5,12,1,8,3,"dece","slope.jja1",-1045.74914439161
25,18.12475,18,32,8,24,12,"dece","slope.jja1",-1045.74914439161
26,35.80875,36,54,21,44,27,"dece","slope.jja1",-1045.74914439161
27,26.60425,26,42,14,34,20,"dece","slope.jja1",-1045.74914439161
28,34.413,34,52,19,42,27,"dece","slope.jja1",-1045.74914439161
29,0.2455,0,2,0,1,0,"dece","slope.jja1",-1045.74914439161
30,0.11725,0,1,0,0,0,"dece","slope.jja1",-1045.74914439161
31,0.0405,0,1,0,0,0,"dece","slope.jja1",-1045.74914439161
32,0.0335,0,1,0,0,0,"dece","slope.jja1",-1045.74914439161
33,15.51425,15,28,6,21,10,"dece","slope.jja1",-1045.74914439161
34,1.222,1,4,0,2,0,"dece","slope.jja1",-1045.74914439161
35,5.705,5,12,1,8,3,"dece","slope.jja1",-1045.74914439161
36,49.69125,50,67,31.975,59,41,"dece","slope.jja1",-1045.74914439161
37,0.0445,0,1,0,0,0,"dece","slope.jja1",-1045.74914439161
38,63.78025,64,80,46.975,72,56,"dece","slope.jja1",-1045.74914439161
39,0.02025,0,0,0,0,0,"dece","slope.jja1",-1045.74914439161
40,0.02575,0,0,0,0,0,"dece","slope.jja1",-1045.74914439161
41,0.048,0,1,0,0,0,"dece","slope.jja1",-1045.74914439161
42,0.039,0,1,0,0,0,"dece","slope.jja1",-1045.74914439161
43,35.35175,35,53,20,44,27,"dece","slope.jja1",-1045.74914439161
44,61.013,61,77,43,69,53,"dece","slope.jja1",-1045.74914439161
45,0.163,0,1,0,0,0,"dece","slope.jja1",-1045.74914439161
46,60.39375,61,77,42,69,52,"dece","slope.jja1",-1045.74914439161
47,6.8895,6,14,2,10,4,"dece","slope.jja1",-1045.74914439161
48,0.037,0,1,0,0,0,"dece","slope.jja1",-1045.74914439161
49,3.07375,3,8,0,5,1,"dece","slope.jja1",-1045.74914439161
50,0.0315,0,1,0,0,0,"dece","slope.jja1",-1045.74914439161
51,0.019,0,0,0,0,0,"dece","slope.jja1",-1045.74914439161
52,3.8945,4,9,0,6,2,"dece","slope.jja1",-1045.74914439161
53,0.0435,0,1,0,0,0,"dece","slope.jja1",-1045.74914439161
54,13.4135,13,25,5,18,8,"dece","slope.jja1",-1045.74914439161
55,2.7875,2,7,0,5,1,"dece","slope.jja1",-1045.74914439161
56,1.40875,1,5,0,3,0,"dece","slope.jja1",-1045.74914439161
57,5.10625,5,12,1,8,2,"dece","slope.jja1",-1045.74914439161
58,2.0165,2,6,0,4,0,"dece","slope.jja1",-1045.74914439161
59,0.22725,0,2,0,1,0,"dece","slope.jja1",-1045.74914439161
60,15.35675,15,27,6,21,10,"dece","slope.jja1",-1045.74914439161
61,0.23225,0,2,0,1,0,"dece","slope.jja1",-1045.74914439161
62,0.0405,0,1,0,0,0,"dece","slope.jja1",-1045.74914439161
63,0.037,0,1,0,0,0,"dece","slope.jja1",-1045.74914439161
64,0.139,0,1,0,0,0,"dece","slope.jja1",-1045.74914439161
65,1.81275,2,5,0,3,0,"dece","slope.jja1",-1045.74914439161
66,0.05075,0,1,0,0,0,"dece","slope.jja1",-1045.74914439161
67,23.444,23,38,11,30,17,"dece","slope.jja1",-1045.74914439161
68,0.367,0,2,0,1,0,"dece","slope.jja1",-1045.74914439161
69,0.02275,0,0,0,0,0,"dece","slope.jja1",-1045.74914439161
70,0.03125,0,1,0,0,0,"dece","slope.jja1",-1045.74914439161
71,0.03175,0,1,0,0,0,"dece","slope.jja1",-1045.74914439161
72,0.1075,0,1,0,0,0,"dece","slope.jja1",-1045.74914439161
73,0.2375,0,2,0,1,0,"dece","slope.jja1",-1045.74914439161
74,37.68275,38,55,22,46,29,"dece","slope.jja1",-1045.74914439161
75,0.0365,0,1,0,0,0,"dece","slope.jja1",-1045.74914439161
76,8.98525,9,18,3,13,5,"dece","slope.jja1",-1045.74914439161
77,2.4745,2,7,0,4,1,"dece","slope.jja1",-1045.74914439161
78,0.0335,0,1,0,0,0,"dece","slope.jja1",-1045.74914439161
79,0.052,0,1,0,0,0,"dece","slope.jja1",-1045.74914439161
80,0.014,0,0,0,0,0,"dece","slope.jja1",-1045.74914439161
81,0.01625,0,0,0,0,0,"dece","slope.jja1",-1045.74914439161
82,0.0395,0,1,0,0,0,"dece","slope.jja1",-1045.74914439161
83,0.02125,0,0,0,0,0,"dece","slope.jja1",-1045.74914439161
84,0.029,0,1,0,0,0,"dece","slope.jja1",-1045.74914439161
85,0.02525,0,0,0,0,0,"dece","slope.jja1",-1045.74914439161
86,0.07375,0,1,0,0,0,"dece","slope.jja1",-1045.74914439161
87,0.00725,0,0,0,0,0,"dece","slope.jja1",-1045.74914439161
88,0.003,0,0,0,0,0,"dece","slope.jja1",-1045.74914439161
89,0.032,0,1,0,0,0,"dece","slope.jja1",-1045.74914439161
90,30.94175,31,48,17,39,23,"dece","slope.jja1",-1045.74914439161
91,0.146,0,1,0,0,0,"dece","slope.jja1",-1045.74914439161
92,25.6025,25,41,13,33,18,"dece","slope.jja1",-1045.74914439161
93,42.85375,43,61,26,51,34,"dece","slope.jja1",-1045.74914439161
94,11.29725,11,22,4,16,7,"dece","slope.jja1",-1045.74914439161
95,17.24075,17,30,7,23,12,"dece","slope.jja1",-1045.74914439161
96,22.319,22,38,10,29,16,"dece","slope.jja1",-1045.74914439161
97,6.73375,6,14,2,10,4,"dece","slope.jja1",-1045.74914439161
98,0.00575,0,0,0,0,0,"dece","slope.jja1",-1045.74914439161
99,0.13975,0,1,0,0,0,"dece","slope.jja1",-1045.74914439161
100,0.042,0,1,0,0,0,"dece","slope.jja1",-1045.74914439161
101,0.05525,0,1,0,0,0,"dece","slope.jja1",-1045.74914439161
102,0.0515,0,1,0,0,0,"dece","slope.jja1",-1045.74914439161
103,28.31375,28,45,14,36,21,"dece","slope.jja1",-1045.74914439161
104,23.226,23,39,11,30,16,"dece","slope.jja1",-1045.74914439161
105,21.71525,21,37,10,28,15,"dece","slope.jja1",-1045.74914439161
106,1.42425,1,5,0,3,0,"dece","slope.jja1",-1045.74914439161
107,0.0175,0,0,0,0,0,"dece","slope.jja1",-1045.74914439161
108,0.00675,0,0,0,0,0,"dece","slope.jja1",-1045.74914439161
109,0.04175,0,1,0,0,0,"dece","slope.jja1",-1045.74914439161
110,43.69225,43,62,27,53,35,"dece","slope.jja1",-1045.74914439161
111,15.91625,15,28,6,21,10,"dece","slope.jja1",-1045.74914439161
112,5.501,5,12,1,8,3,"dece","slope.jja1",-1045.74914439161
113,18.24925,18,31.0250000000001,8,24,12,"dece","slope.jja1",-1045.74914439161
114,35.958,35,54,20,44,28,"dece","slope.jja1",-1045.74914439161
115,26.852,26,43,14,34,20,"dece","slope.jja1",-1045.74914439161
116,34.5775,34,52,19,43,26,"dece","slope.jja1",-1045.74914439161
117,0.24075,0,2,0,1,0,"dece","slope.jja1",-1045.74914439161
118,0.1245,0,1,0,0,0,"dece","slope.jja1",-1045.74914439161
119,0.04525,0,1,0,0,0,"dece","slope.jja1",-1045.74914439161
120,0.02575,0,0.0250000000000909,0,0,0,"dece","slope.jja1",-1045.74914439161
121,15.56725,15,28,6,21,10,"dece","slope.jja1",-1045.74914439161
122,1.2375,1,4,0,2,0,"dece","slope.jja1",-1045.74914439161
123,5.7695,5,13,1,9,3,"dece","slope.jja1",-1045.74914439161
124,49.72275,49,67,33,59,41,"dece","slope.jja1",-1045.74914439161
125,0.03725,0,1,0,0,0,"dece","slope.jja1",-1045.74914439161
126,64.00425,64,80,47,72,56,"dece","slope.jja1",-1045.74914439161
127,0.016,0,0,0,0,0,"dece","slope.jja1",-1045.74914439161
128,0.026,0,0.0250000000000909,0,0,0,"dece","slope.jja1",-1045.74914439161
129,0.046,0,1,0,0,0,"dece","slope.jja1",-1045.74914439161
130,0.04025,0,1,0,0,0,"dece","slope.jja1",-1045.74914439161
131,35.477,35,53,20,44,27,"dece","slope.jja1",-1045.74914439161
132,61.246,62,77,43,70,53,"dece","slope.jja1",-1045.74914439161
133,0.16225,0,1,0,0,0,"dece","slope.jja1",-1045.74914439161
134,60.43075,61,77,43,69,52,"dece","slope.jja1",-1045.74914439161
135,6.96975,7,15,2,10,4,"dece","slope.jja1",-1045.74914439161
136,0.0385,0,1,0,0,0,"dece","slope.jja1",-1045.74914439161
137,3.057,3,8,0,5,1,"dece","slope.jja1",-1045.74914439161
138,0.03475,0,1,0,0,0,"dece","slope.jja1",-1045.74914439161
139,0.02025,0,0,0,0,0,"dece","slope.jja1",-1045.74914439161
140,3.9135,4,9,0,6,2,"dece","slope.jja1",-1045.74914439161
141,0.047,0,1,0,0,0,"dece","slope.jja1",-1045.74914439161
142,13.532,13,25,5,19,9,"dece","slope.jja1",-1045.74914439161
143,2.76075,2,7,0,5,1,"dece","slope.jja1",-1045.74914439161
144,1.41175,1,5,0,3,0,"dece","slope.jja1",-1045.74914439161
145,5.0735,5,11,1,8,2,"dece","slope.jja1",-1045.74914439161
146,2.02375,2,6,0,3,0,"dece","slope.jja1",-1045.74914439161
147,0.22325,0,2,0,1,0,"dece","slope.jja1",-1045.74914439161
148,15.46875,15,28,6,21,10,"dece","slope.jja1",-1045.74914439161
149,0.2385,0,2,0,1,0,"dece","slope.jja1",-1045.74914439161
150,0.033,0,1,0,0,0,"dece","slope.jja1",-1045.74914439161
151,0.04075,0,1,0,0,0,"dece","slope.jja1",-1045.74914439161
152,0.12925,0,1,0,0,0,"dece","slope.jja1",-1045.74914439161
153,1.8485,2,6,0,3,0,"dece","slope.jja1",-1045.74914439161
154,0.04675,0,1,0,0,0,"dece","slope.jja1",-1045.74914439161
155,23.67925,23,39,11,30,17,"dece","slope.jja1",-1045.74914439161
156,0.3835,0,2,0,1,0,"dece","slope.jja1",-1045.74914439161
157,0.02525,0,0,0,0,0,"dece","slope.jja1",-1045.74914439161
158,0.02925,0,1,0,0,0,"dece","slope.jja1",-1045.74914439161
159,0.03375,0,1,0,0,0,"dece","slope.jja1",-1045.74914439161
160,0.10675,0,1,0,0,0,"dece","slope.jja1",-1045.74914439161
161,0.2485,0,2,0,1,0,"dece","slope.jja1",-1045.74914439161
162,37.768,38,56,21,46,29,"dece","slope.jja1",-1045.74914439161
163,0.038,0,1,0,0,0,"dece","slope.jja1",-1045.74914439161
164,9.03675,9,18,3,13,5,"dece","slope.jja1",-1045.74914439161
165,2.5025,2,7,0,4,1,"dece","slope.jja1",-1045.74914439161
166,0.031,0,1,0,0,0,"dece","slope.jja1",-1045.74914439161
167,0.05275,0,1,0,0,0,"dece","slope.jja1",-1045.74914439161
168,0.01575,0,0,0,0,0,"dece","slope.jja1",-1045.74914439161
169,0.016,0,0,0,0,0,"dece","slope.jja1",-1045.74914439161
170,0.03775,0,1,0,0,0,"dece","slope.jja1",-1045.74914439161
171,0.0215,0,0,0,0,0,"dece","slope.jja1",-1045.74914439161
172,0.025,0,0,0,0,0,"dece","slope.jja1",-1045.74914439161
173,0.02475,0,0,0,0,0,"dece","slope.jja1",-1045.74914439161
174,0.066,0,1,0,0,0,"dece","slope.jja1",-1045.74914439161
175,0.00725,0,0,0,0,0,"dece","slope.jja1",-1045.74914439161
176,0.00375,0,0,0,0,0,"dece","slope.jja1",-1045.74914439161
177,0.03,0,1,0,0,0,"dece","slope.jja1",-1045.74914439161
178,24.51925,24,35,14,30,19,"dece","slope.jja1",-1045.74914439161
179,0.11,0,1,0,0,0,"dece","slope.jja1",-1045.74914439161
180,20.154,20,30,11,25,15,"dece","slope.jja1",-1045.74914439161
181,35.723,36,48,24,42,30,"dece","slope.jja1",-1045.74914439161
182,8.581,8,15,3,12,5,"dece","slope.jja1",-1045.74914439161
183,13.07025,13,21,6,17,9,"dece","slope.jja1",-1045.74914439161
184,17.34275,17,27,9,22,13,"dece","slope.jja1",-1045.74914439161
185,4.87025,5,10,1,7,2,"dece","slope.jja1",-1045.74914439161
186,0.0045,0,0,0,0,0,"dece","slope.jja1",-1045.74914439161
187,0.091,0,1,0,0,0,"dece","slope.jja1",-1045.74914439161
188,0.02225,0,0,0,0,0,"dece","slope.jja1",-1045.74914439161
189,0.03975,0,1,0,0,0,"dece","slope.jja1",-1045.74914439161
190,0.03925,0,1,0,0,0,"dece","slope.jja1",-1045.74914439161
191,22.3055,22,33,13,27,17,"dece","slope.jja1",-1045.74914439161
192,18.1305,18,28,10,23,13,"dece","slope.jja1",-1045.74914439161
193,16.82475,17,26,9,21,12,"dece","slope.jja1",-1045.74914439161
194,1.007,1,4,0,2,0,"dece","slope.jja1",-1045.74914439161
195,0.0135,0,0,0,0,0,"dece","slope.jja1",-1045.74914439161
196,0.00625,0,0,0,0,0,"dece","slope.jja1",-1045.74914439161
197,0.02875,0,1,0,0,0,"dece","slope.jja1",-1045.74914439161
198,36.45225,36,49,25,42.1590000000001,30,"dece","slope.jja1",-1045.74914439161
199,12.206,12,20,6,16,8,"dece","slope.jja1",-1045.74914439161
200,3.99175,4,9,0.975000000000009,6,2,"dece","slope.jja1",-1045.74914439161
201,13.87125,14,22,6,18,10,"dece","slope.jja1",-1045.74914439161
202,29.14075,29,41,19,35,23,"dece","slope.jja1",-1045.74914439161
203,21.08,21,31,12,26,16,"dece","slope.jja1",-1045.74914439161
204,27.976,28,39,18,34,23,"dece","slope.jja1",-1045.74914439161
205,0.181,0,1,0,1,0,"dece","slope.jja1",-1045.74914439161
206,0.0775,0,1,0,0,0,"dece","slope.jja1",-1045.74914439161
207,0.03075,0,1,0,0,0,"dece","slope.jja1",-1045.74914439161
208,0.01925,0,0,0,0,0,"dece","slope.jja1",-1045.74914439161
209,11.8265,11,20,5,16,8,"dece","slope.jja1",-1045.74914439161
210,0.8805,1,3,0,2,0,"dece","slope.jja1",-1045.74914439161
211,4.172,4,9,1,6,2,"dece","slope.jja1",-1045.74914439161
212,42.37525,42,55,30,49,36,"dece","slope.jja1",-1045.74914439161
213,0.03325,0,1,0,0,0,"dece","slope.jja1",-1045.74914439161
214,57.10075,57,69,44,64,51,"dece","slope.jja1",-1045.74914439161
215,0.016,0,0,0,0,0,"dece","slope.jja1",-1045.74914439161
216,0.01725,0,0,0,0,0,"dece","slope.jja1",-1045.74914439161
217,0.0365,0,1,0,0,0,"dece","slope.jja1",-1045.74914439161
218,0.0255,0,0.0250000000000909,0,0,0,"dece","slope.jja1",-1045.74914439161
219,28.809,29,40,18,34,23,"dece","slope.jja1",-1045.74914439161
220,53.98525,54,67,41,60,48,"dece","slope.jja1",-1045.74914439161
221,0.115,0,1,0,0,0,"dece","slope.jja1",-1045.74914439161
222,53.47225,53,66,41,60,47,"dece","slope.jja1",-1045.74914439161
223,5.0605,5,10,1,7,3,"dece","slope.jja1",-1045.74914439161
224,0.03075,0,1,0,0,0,"dece","slope.jja1",-1045.74914439161
225,2.2185,2,6,0,4,1,"dece","slope.jja1",-1045.74914439161
226,0.02225,0,0,0,0,0,"dece","slope.jja1",-1045.74914439161
227,0.0165,0,0,0,0,0,"dece","slope.jja1",-1045.74914439161
228,2.87475,3,7,0,5,1,"dece","slope.jja1",-1045.74914439161
229,0.031,0,1,0,0,0,"dece","slope.jja1",-1045.74914439161
230,10.17425,10,18,4,14,7,"dece","slope.jja1",-1045.74914439161
231,2.03025,2,5,0,3,1,"dece","slope.jja1",-1045.74914439161
232,0.98525,1,3,0,2,0,"dece","slope.jja1",-1045.74914439161
233,3.73275,3,8,0,6,2,"dece","slope.jja1",-1045.74914439161
234,1.442,1,4,0,3,0,"dece","slope.jja1",-1045.74914439161
235,0.168,0,1,0,0,0,"dece","slope.jja1",-1045.74914439161
236,11.733,11,20,5,16,8,"dece","slope.jja1",-1045.74914439161
237,0.16775,0,1,0,0,0,"dece","slope.jja1",-1045.74914439161
238,0.02575,0,0,0,0,0,"dece","slope.jja1",-1045.74914439161
239,0.0275,0,1,0,0,0,"dece","slope.jja1",-1045.74914439161
240,0.0995,0,1,0,0,0,"dece","slope.jja1",-1045.74914439161
241,1.312,1,4,0,2,0,"dece","slope.jja1",-1045.74914439161
242,0.0355,0,1,0,0,0,"dece","slope.jja1",-1045.74914439161
243,18.29775,18,28,10,23,14,"dece","slope.jja1",-1045.74914439161
244,0.268,0,2,0,1,0,"dece","slope.jja1",-1045.74914439161
245,0.0165,0,0,0,0,0,"dece","slope.jja1",-1045.74914439161
246,0.02325,0,0,0,0,0,"dece","slope.jja1",-1045.74914439161
247,0.02425,0,0,0,0,0,"dece","slope.jja1",-1045.74914439161
248,0.0775,0,1,0,0,0,"dece","slope.jja1",-1045.74914439161
249,0.17875,0,1,0,0,0,"dece","slope.jja1",-1045.74914439161
250,30.82925,31,43,20,37,25,"dece","slope.jja1",-1045.74914439161
251,0.0275,0,1,0,0,0,"dece","slope.jja1",-1045.74914439161
252,6.629,6,13,2,9,4,"dece","slope.jja1",-1045.74914439161
253,1.786,2,5,0,3,0,"dece","slope.jja1",-1045.74914439161
254,0.0225,0,0,0,0,0,"dece","slope.jja1",-1045.74914439161
255,0.03825,0,1,0,0,0,"dece","slope.jja1",-1045.74914439161
256,0.0115,0,0,0,0,0,"dece","slope.jja1",-1045.74914439161
257,0.01125,0,0,0,0,0,"dece","slope.jja1",-1045.74914439161
258,0.028,0,1,0,0,0,"dece","slope.jja1",-1045.74914439161
259,0.01675,0,0,0,0,0,"dece","slope.jja1",-1045.74914439161
260,0.0215,0,0,0,0,0,"dece","slope.jja1",-1045.74914439161
261,0.02125,0,0,0,0,0,"dece","slope.jja1",-1045.74914439161
262,0.04775,0,1,0,0,0,"dece","slope.jja1",-1045.74914439161
263,0.00425,0,0,0,0,0,"dece","slope.jja1",-1045.74914439161
264,0.0025,0,0,0,0,0,"dece","slope.jja1",-1045.74914439161
1,0.0345,0,1,0,0,0,"dece","noslope.jja1",-1044.56192139621
2,30.8485,30,48,17,38,23,"dece","noslope.jja1",-1044.56192139621
3,0.152,0,1,0,0,0,"dece","noslope.jja1",-1044.56192139621
4,25.4505,25,41,13,33,18,"dece","noslope.jja1",-1044.56192139621
5,42.7675,43,61,26,51,34,"dece","noslope.jja1",-1044.56192139621
6,11.31775,11,22,4,16,7,"dece","noslope.jja1",-1044.56192139621
7,16.986,17,30,7,23,11,"dece","noslope.jja1",-1044.56192139621
8,22.29,22,37,11,29,16,"dece","noslope.jja1",-1044.56192139621
9,6.675,6,14,2,10,3,"dece","noslope.jja1",-1044.56192139621
10,0.02125,0,0,0,0,0,"dece","noslope.jja1",-1044.56192139621
11,0.14875,0,1,0,0,0,"dece","noslope.jja1",-1044.56192139621
12,0.04575,0,1,0,0,0,"dece","noslope.jja1",-1044.56192139621
13,0.03875,0,1,0,0,0,"dece","noslope.jja1",-1044.56192139621
14,0.03775,0,1,0,0,0,"dece","noslope.jja1",-1044.56192139621
15,28.16825,28,45,15,36,21,"dece","noslope.jja1",-1044.56192139621
16,23.336,23,39,11,30,16,"dece","noslope.jja1",-1044.56192139621
17,21.4515,21,36,10,28,15,"dece","noslope.jja1",-1044.56192139621
18,1.37525,1,5,0,3,0,"dece","noslope.jja1",-1044.56192139621
19,0.022,0,0,0,0,0,"dece","noslope.jja1",-1044.56192139621
20,0.02025,0,0,0,0,0,"dece","noslope.jja1",-1044.56192139621
21,0.04025,0,1,0,0,0,"dece","noslope.jja1",-1044.56192139621
22,43.9285,44,62,27,53,35,"dece","noslope.jja1",-1044.56192139621
23,15.97675,16,28,6,21,11,"dece","noslope.jja1",-1044.56192139621
24,5.48475,5,12,1,8,3,"dece","noslope.jja1",-1044.56192139621
25,18.03525,18,30,8,24,12,"dece","noslope.jja1",-1044.56192139621
26,35.699,35,53,20,44,27.841,"dece","noslope.jja1",-1044.56192139621
27,26.51275,26,42,13,34,19,"dece","noslope.jja1",-1044.56192139621
28,34.52975,34,51.0250000000001,19,43,26,"dece","noslope.jja1",-1044.56192139621
29,0.24,0,2,0,1,0,"dece","noslope.jja1",-1044.56192139621
30,0.1155,0,1,0,0,0,"dece","noslope.jja1",-1044.56192139621
31,0.04375,0,1,0,0,0,"dece","noslope.jja1",-1044.56192139621
32,0.043,0,1,0,0,0,"dece","noslope.jja1",-1044.56192139621
33,15.5325,15,28,6,21,10,"dece","noslope.jja1",-1044.56192139621
34,1.20675,1,4,0,2,0,"dece","noslope.jja1",-1044.56192139621
35,5.776,5,12,1,9,3,"dece","noslope.jja1",-1044.56192139621
36,49.828,50,67,32,59,41,"dece","noslope.jja1",-1044.56192139621
37,0.02425,0,0,0,0,0,"dece","noslope.jja1",-1044.56192139621
38,63.96425,64,80,47,72,56,"dece","noslope.jja1",-1044.56192139621
39,0.01975,0,0,0,0,0,"dece","noslope.jja1",-1044.56192139621
40,0.0235,0,0,0,0,0,"dece","noslope.jja1",-1044.56192139621
41,0.03675,0,1,0,0,0,"dece","noslope.jja1",-1044.56192139621
42,0.04075,0,1,0,0,0,"dece","noslope.jja1",-1044.56192139621
43,35.5905,35,53,20,44,28,"dece","noslope.jja1",-1044.56192139621
44,61.325,62,78,44,70,53,"dece","noslope.jja1",-1044.56192139621
45,0.155,0,1,0,0,0,"dece","noslope.jja1",-1044.56192139621
46,60.55675,61,76,43,69,52,"dece","noslope.jja1",-1044.56192139621
47,6.8375,6,14,2,10,4,"dece","noslope.jja1",-1044.56192139621
48,0.02175,0,0,0,0,0,"dece","noslope.jja1",-1044.56192139621
49,3.05725,3,8,0,5,1,"dece","noslope.jja1",-1044.56192139621
50,0.01725,0,0,0,0,0,"dece","noslope.jja1",-1044.56192139621
51,0.03825,0,1,0,0,0,"dece","noslope.jja1",-1044.56192139621
52,3.91125,4,9,0,6,2,"dece","noslope.jja1",-1044.56192139621
53,0.04325,0,1,0,0,0,"dece","noslope.jja1",-1044.56192139621
54,13.49075,13,25,5,18,9,"dece","noslope.jja1",-1044.56192139621
55,2.8425,3,7,0,5,1,"dece","noslope.jja1",-1044.56192139621
56,1.3285,1,4,0,3,0,"dece","noslope.jja1",-1044.56192139621
57,5.01575,5,11,1,8,2,"dece","noslope.jja1",-1044.56192139621
58,1.9955,2,6,0,4,0,"dece","noslope.jja1",-1044.56192139621
59,0.22625,0,2,0,1,0,"dece","noslope.jja1",-1044.56192139621
60,15.37975,15,27,6,21,10,"dece","noslope.jja1",-1044.56192139621
61,0.24875,0,2,0,1,0,"dece","noslope.jja1",-1044.56192139621
62,0.0365,0,1,0,0,0,"dece","noslope.jja1",-1044.56192139621
63,0.03925,0,1,0,0,0,"dece","noslope.jja1",-1044.56192139621
64,0.1405,0,1,0,0,0,"dece","noslope.jja1",-1044.56192139621
65,1.81625,2,5,0,3,0,"dece","noslope.jja1",-1044.56192139621
66,0.0325,0,1,0,0,0,"dece","noslope.jja1",-1044.56192139621
67,23.7675,23,39,11,30,17,"dece","noslope.jja1",-1044.56192139621
68,0.37675,0,2,0,1,0,"dece","noslope.jja1",-1044.56192139621
69,0.01775,0,0,0,0,0,"dece","noslope.jja1",-1044.56192139621
70,0.025,0,0,0,0,0,"dece","noslope.jja1",-1044.56192139621
71,0.03575,0,1,0,0,0,"dece","noslope.jja1",-1044.56192139621
72,0.14575,0,1,0,0,0,"dece","noslope.jja1",-1044.56192139621
73,0.2655,0,2,0,1,0,"dece","noslope.jja1",-1044.56192139621
74,37.86925,38,55,22,46,29,"dece","noslope.jja1",-1044.56192139621
75,0.03475,0,1,0,0,0,"dece","noslope.jja1",-1044.56192139621
76,9.068,9,18,3,13,5,"dece","noslope.jja1",-1044.56192139621
77,2.4965,2,7,0,4,1,"dece","noslope.jja1",-1044.56192139621
78,0.02175,0,0,0,0,0,"dece","noslope.jja1",-1044.56192139621
79,0.035,0,1,0,0,0,"dece","noslope.jja1",-1044.56192139621
80,0.019,0,0,0,0,0,"dece","noslope.jja1",-1044.56192139621
81,0.01975,0,0,0,0,0,"dece","noslope.jja1",-1044.56192139621
82,0.02675,0,0,0,0,0,"dece","noslope.jja1",-1044.56192139621
83,0.02225,0,0,0,0,0,"dece","noslope.jja1",-1044.56192139621
84,0.02125,0,0,0,0,0,"dece","noslope.jja1",-1044.56192139621
85,0.02175,0,0,0,0,0,"dece","noslope.jja1",-1044.56192139621
86,0.11375,0,1,0,0,0,"dece","noslope.jja1",-1044.56192139621
87,0.017,0,0,0,0,0,"dece","noslope.jja1",-1044.56192139621
88,0.02025,0,0,0,0,0,"dece","noslope.jja1",-1044.56192139621
89,0.035,0,1,0,0,0,"dece","noslope.jja1",-1044.56192139621
90,31.0985,31,49,16,39,23,"dece","noslope.jja1",-1044.56192139621
91,0.146,0,1,0,0,0,"dece","noslope.jja1",-1044.56192139621
92,25.598,25,41,13,33,18,"dece","noslope.jja1",-1044.56192139621
93,42.9945,43,61,26,52,34,"dece","noslope.jja1",-1044.56192139621
94,11.50125,11,22,4,16,7,"dece","noslope.jja1",-1044.56192139621
95,17.0725,17,30,7,23,11,"dece","noslope.jja1",-1044.56192139621
96,22.365,22,37,11,29,15,"dece","noslope.jja1",-1044.56192139621
97,6.73625,6,14,1,10,4,"dece","noslope.jja1",-1044.56192139621
98,0.018,0,0,0,0,0,"dece","noslope.jja1",-1044.56192139621
99,0.14775,0,1,0,0,0,"dece","noslope.jja1",-1044.56192139621
100,0.03375,0,1,0,0,0,"dece","noslope.jja1",-1044.56192139621
101,0.04475,0,1,0,0,0,"dece","noslope.jja1",-1044.56192139621
102,0.04625,0,1,0,0,0,"dece","noslope.jja1",-1044.56192139621
103,28.28775,28,45,14.975,36,21,"dece","noslope.jja1",-1044.56192139621
104,23.209,23,39,11,30,16,"dece","noslope.jja1",-1044.56192139621
105,21.73625,21,37,10,28,15,"dece","noslope.jja1",-1044.56192139621
106,1.39425,1,5,0,3,0,"dece","noslope.jja1",-1044.56192139621
107,0.02,0,0,0,0,0,"dece","noslope.jja1",-1044.56192139621
108,0.014,0,0,0,0,0,"dece","noslope.jja1",-1044.56192139621
109,0.038,0,1,0,0,0,"dece","noslope.jja1",-1044.56192139621
110,44.0085,44,63,27,53,35,"dece","noslope.jja1",-1044.56192139621
111,16.1575,16,29,7,22,11,"dece","noslope.jja1",-1044.56192139621
112,5.51775,5,12,1,8,3,"dece","noslope.jja1",-1044.56192139621
113,18.24425,18,31,8,24,12,"dece","noslope.jja1",-1044.56192139621
114,35.87375,36,53,20,44,27,"dece","noslope.jja1",-1044.56192139621
115,26.64425,26,43,14,34,19,"dece","noslope.jja1",-1044.56192139621
116,34.6975,34,52,19,43,26,"dece","noslope.jja1",-1044.56192139621
117,0.231,0,2,0,1,0,"dece","noslope.jja1",-1044.56192139621
118,0.124,0,1,0,0,0,"dece","noslope.jja1",-1044.56192139621
119,0.03825,0,1,0,0,0,"dece","noslope.jja1",-1044.56192139621
120,0.0405,0,1,0,0,0,"dece","noslope.jja1",-1044.56192139621
121,15.63125,15,28,6,21,10,"dece","noslope.jja1",-1044.56192139621
122,1.244,1,4,0,2,0,"dece","noslope.jja1",-1044.56192139621
123,5.70375,5,13,1,9,3,"dece","noslope.jja1",-1044.56192139621
124,49.9225,50,68,32,59,41,"dece","noslope.jja1",-1044.56192139621
125,0.023,0,0,0,0,0,"dece","noslope.jja1",-1044.56192139621
126,64.23,65,80,46,73,56,"dece","noslope.jja1",-1044.56192139621
127,0.024,0,0,0,0,0,"dece","noslope.jja1",-1044.56192139621
128,0.02,0,0,0,0,0,"dece","noslope.jja1",-1044.56192139621
129,0.03975,0,1,0,0,0,"dece","noslope.jja1",-1044.56192139621
130,0.049,0,1,0,0,0,"dece","noslope.jja1",-1044.56192139621
131,35.74125,35,54,20,44,27,"dece","noslope.jja1",-1044.56192139621
132,61.35225,62,78,43,70,53,"dece","noslope.jja1",-1044.56192139621
133,0.1535,0,1,0,0,0,"dece","noslope.jja1",-1044.56192139621
134,60.69125,61,77,43,69,52,"dece","noslope.jja1",-1044.56192139621
135,6.974,7,15,2,10,4,"dece","noslope.jja1",-1044.56192139621
136,0.02425,0,0,0,0,0,"dece","noslope.jja1",-1044.56192139621
137,3.05875,3,8,0,5,1,"dece","noslope.jja1",-1044.56192139621
138,0.0235,0,0,0,0,0,"dece","noslope.jja1",-1044.56192139621
139,0.04,0,1,0,0,0,"dece","noslope.jja1",-1044.56192139621
140,3.934,4,9,0,6,2,"dece","noslope.jja1",-1044.56192139621
141,0.04275,0,1,0,0,0,"dece","noslope.jja1",-1044.56192139621
142,13.609,13,25,5,19,9,"dece","noslope.jja1",-1044.56192139621
143,2.8375,3,7,0,5,1,"dece","noslope.jja1",-1044.56192139621
144,1.333,1,4,0,3,0,"dece","noslope.jja1",-1044.56192139621
145,5.04825,5,11,1,8,2,"dece","noslope.jja1",-1044.56192139621
146,1.99825,2,6,0,4,0,"dece","noslope.jja1",-1044.56192139621
147,0.2255,0,2,0,1,0,"dece","noslope.jja1",-1044.56192139621
148,15.61125,15,28,6,21,10,"dece","noslope.jja1",-1044.56192139621
149,0.247,0,2,0,1,0,"dece","noslope.jja1",-1044.56192139621
150,0.04025,0,1,0,0,0,"dece","noslope.jja1",-1044.56192139621
151,0.039,0,1,0,0,0,"dece","noslope.jja1",-1044.56192139621
152,0.1445,0,1,0,0,0,"dece","noslope.jja1",-1044.56192139621
153,1.83875,2,5,0,3,0,"dece","noslope.jja1",-1044.56192139621
154,0.036,0,1,0,0,0,"dece","noslope.jja1",-1044.56192139621
155,23.92875,23,40,12,31,17,"dece","noslope.jja1",-1044.56192139621
156,0.37925,0,2,0,1,0,"dece","noslope.jja1",-1044.56192139621
157,0.02075,0,0,0,0,0,"dece","noslope.jja1",-1044.56192139621
158,0.03,0,1,0,0,0,"dece","noslope.jja1",-1044.56192139621
159,0.038,0,1,0,0,0,"dece","noslope.jja1",-1044.56192139621
160,0.14625,0,1,0,0,0,"dece","noslope.jja1",-1044.56192139621
161,0.2545,0,2,0,1,0,"dece","noslope.jja1",-1044.56192139621
162,38.16625,38,56,22,46,30,"dece","noslope.jja1",-1044.56192139621
163,0.04125,0,1,0,0,0,"dece","noslope.jja1",-1044.56192139621
164,9.132,9,18.0250000000001,3,13,5,"dece","noslope.jja1",-1044.56192139621
165,2.514,2,7,0,4,1,"dece","noslope.jja1",-1044.56192139621
166,0.02075,0,0,0,0,0,"dece","noslope.jja1",-1044.56192139621
167,0.029,0,1,0,0,0,"dece","noslope.jja1",-1044.56192139621
168,0.02,0,0,0,0,0,"dece","noslope.jja1",-1044.56192139621
169,0.02275,0,0,0,0,0,"dece","noslope.jja1",-1044.56192139621
170,0.0205,0,0,0,0,0,"dece","noslope.jja1",-1044.56192139621
171,0.0195,0,0,0,0,0,"dece","noslope.jja1",-1044.56192139621
172,0.019,0,0,0,0,0,"dece","noslope.jja1",-1044.56192139621
173,0.0205,0,0,0,0,0,"dece","noslope.jja1",-1044.56192139621
174,0.11625,0,1,0,0,0,"dece","noslope.jja1",-1044.56192139621
175,0.0185,0,0,0,0,0,"dece","noslope.jja1",-1044.56192139621
176,0.01775,0,0,0,0,0,"dece","noslope.jja1",-1044.56192139621
177,0.031,0,1,0,0,0,"dece","noslope.jja1",-1044.56192139621
178,24.79775,25,36,15,30,19,"dece","noslope.jja1",-1044.56192139621
179,0.09875,0,1,0,0,0,"dece","noslope.jja1",-1044.56192139621
180,19.98525,20,30,11,25,15,"dece","noslope.jja1",-1044.56192139621
181,35.80825,36,48,24,42,30,"dece","noslope.jja1",-1044.56192139621
182,8.4745,8,15,3,12,5,"dece","noslope.jja1",-1044.56192139621
183,12.94925,13,21,6,17,9,"dece","noslope.jja1",-1044.56192139621
184,17.14825,17,26,9,22,13,"dece","noslope.jja1",-1044.56192139621
185,4.84275,5,10,1,7,2,"dece","noslope.jja1",-1044.56192139621
186,0.008,0,0,0,0,0,"dece","noslope.jja1",-1044.56192139621
187,0.1005,0,1,0,0,0,"dece","noslope.jja1",-1044.56192139621
188,0.02625,0,1,0,0,0,"dece","noslope.jja1",-1044.56192139621
189,0.0255,0,1,0,0,0,"dece","noslope.jja1",-1044.56192139621
190,0.03475,0,1,0,0,0,"dece","noslope.jja1",-1044.56192139621
191,22.2985,22,33,13,27,17,"dece","noslope.jja1",-1044.56192139621
192,18.16675,18,28,10,23,14,"dece","noslope.jja1",-1044.56192139621
193,16.57525,16,26,9,21,12,"dece","noslope.jja1",-1044.56192139621
194,0.998,1,4,0,2,0,"dece","noslope.jja1",-1044.56192139621
195,0.0115,0,0,0,0,0,"dece","noslope.jja1",-1044.56192139621
196,0.01125,0,0,0,0,0,"dece","noslope.jja1",-1044.56192139621
197,0.024,0,0,0,0,0,"dece","noslope.jja1",-1044.56192139621
198,36.5545,36,49,25,43,30,"dece","noslope.jja1",-1044.56192139621
199,12.15925,12,20,5,16,8,"dece","noslope.jja1",-1044.56192139621
200,4.0235,4,9,1,6,2,"dece","noslope.jja1",-1044.56192139621
201,13.8645,14,22,7,18,10,"dece","noslope.jja1",-1044.56192139621
202,28.96075,29,40,18,35,23,"dece","noslope.jja1",-1044.56192139621
203,20.85225,21,31,12,26,16,"dece","noslope.jja1",-1044.56192139621
204,27.9015,28,39,18,33,22,"dece","noslope.jja1",-1044.56192139621
205,0.174,0,1,0,0,0,"dece","noslope.jja1",-1044.56192139621
206,0.08275,0,1,0,0,0,"dece","noslope.jja1",-1044.56192139621
207,0.026,0,0,0,0,0,"dece","noslope.jja1",-1044.56192139621
208,0.02825,0,1,0,0,0,"dece","noslope.jja1",-1044.56192139621
209,11.7775,12,19,5,15,8,"dece","noslope.jja1",-1044.56192139621
210,0.90675,1,3,0,2,0,"dece","noslope.jja1",-1044.56192139621
211,4.17975,4,9,1,6,2,"dece","noslope.jja1",-1044.56192139621
212,42.337,42,55,30,49,36,"dece","noslope.jja1",-1044.56192139621
213,0.0165,0,0,0,0,0,"dece","noslope.jja1",-1044.56192139621
214,57.11675,57,69.0250000000001,44,63,51,"dece","noslope.jja1",-1044.56192139621
215,0.01575,0,0,0,0,0,"dece","noslope.jja1",-1044.56192139621
216,0.01675,0,0,0,0,0,"dece","noslope.jja1",-1044.56192139621
217,0.02925,0,1,0,0,0,"dece","noslope.jja1",-1044.56192139621
218,0.02575,0,0,0,0,0,"dece","noslope.jja1",-1044.56192139621
219,28.961,29,40,18,35,23,"dece","noslope.jja1",-1044.56192139621
220,54.18625,54,67,42,60,48,"dece","noslope.jja1",-1044.56192139621
221,0.10425,0,1,0,0,0,"dece","noslope.jja1",-1044.56192139621
222,53.49775,54,66,41,60,47,"dece","noslope.jja1",-1044.56192139621
223,5.11725,5,10,1,7,3,"dece","noslope.jja1",-1044.56192139621
224,0.01575,0,0,0,0,0,"dece","noslope.jja1",-1044.56192139621
225,2.243,2,6,0,4,1,"dece","noslope.jja1",-1044.56192139621
226,0.017,0,0,0,0,0,"dece","noslope.jja1",-1044.56192139621
227,0.031,0,1,0,0,0,"dece","noslope.jja1",-1044.56192139621
228,2.849,3,7,0,5,1,"dece","noslope.jja1",-1044.56192139621
229,0.03025,0,1,0,0,0,"dece","noslope.jja1",-1044.56192139621
230,10.1235,10,17,4,14,7,"dece","noslope.jja1",-1044.56192139621
231,2.004,2,6,0,4,1,"dece","noslope.jja1",-1044.56192139621
232,0.98875,1,4,0,2,0,"dece","noslope.jja1",-1044.56192139621
233,3.6595,3,8,0,6,2,"dece","noslope.jja1",-1044.56192139621
234,1.4375,1,4,0,3,0,"dece","noslope.jja1",-1044.56192139621
235,0.1715,0,1,0,0,0,"dece","noslope.jja1",-1044.56192139621
236,11.70175,11,20,5,15,8,"dece","noslope.jja1",-1044.56192139621
237,0.1835,0,1,0,1,0,"dece","noslope.jja1",-1044.56192139621
238,0.0285,0,1,0,0,0,"dece","noslope.jja1",-1044.56192139621
239,0.0365,0,1,0,0,0,"dece","noslope.jja1",-1044.56192139621
240,0.101,0,1,0,0,0,"dece","noslope.jja1",-1044.56192139621
241,1.34675,1,4,0,2,0,"dece","noslope.jja1",-1044.56192139621
242,0.0235,0,0,0,0,0,"dece","noslope.jja1",-1044.56192139621
243,18.625,18,28,10,23,14,"dece","noslope.jja1",-1044.56192139621
244,0.265,0,2,0,1,0,"dece","noslope.jja1",-1044.56192139621
245,0.01625,0,0,0,0,0,"dece","noslope.jja1",-1044.56192139621
246,0.02475,0,0,0,0,0,"dece","noslope.jja1",-1044.56192139621
247,0.028,0,1,0,0,0,"dece","noslope.jja1",-1044.56192139621
248,0.1075,0,1,0,0,0,"dece","noslope.jja1",-1044.56192139621
249,0.18825,0,1,0,1,0,"dece","noslope.jja1",-1044.56192139621
250,31.12125,31,43,20,37,25,"dece","noslope.jja1",-1044.56192139621
251,0.0265,0,1,0,0,0,"dece","noslope.jja1",-1044.56192139621
252,6.6675,6,13,2,9,4,"dece","noslope.jja1",-1044.56192139621
253,1.81,2,5,0,3,0,"dece","noslope.jja1",-1044.56192139621
254,0.017,0,0,0,0,0,"dece","noslope.jja1",-1044.56192139621
255,0.0265,0,1,0,0,0,"dece","noslope.jja1",-1044.56192139621
256,0.01525,0,0,0,0,0,"dece","noslope.jja1",-1044.56192139621
257,0.014,0,0,0,0,0,"dece","noslope.jja1",-1044.56192139621
258,0.0195,0,0,0,0,0,"dece","noslope.jja1",-1044.56192139621
259,0.0165,0,0,0,0,0,"dece","noslope.jja1",-1044.56192139621
260,0.0145,0,0,0,0,0,"dece","noslope.jja1",-1044.56192139621
261,0.01325,0,0,0,0,0,"dece","noslope.jja1",-1044.56192139621
262,0.0785,0,1,0,0,0,"dece","noslope.jja1",-1044.56192139621
263,0.017,0,0,0,0,0,"dece","noslope.jja1",-1044.56192139621
264,0.01475,0,0,0,0,0,"dece","noslope.jja1",-1044.56192139621
