year,collection_date,plot,subsample,veg_class,NPP,veg_moist 
2008,NaN,9,A,DM,111,0
2008,NaN,9,B,DM,200,0
2008,NaN,18,A,DM,125,0
2008,NaN,18,B,DM,166,0
2008,NaN,30,A,DM,186,0
2008,NaN,30,B,DM,146,0
2008,NaN,39,A,DM,114,0
2008,NaN,39,B,DM,128,0
2008,NaN,40,A,DM,323,0
2008,NaN,40,B,DM,238,0
2008,NaN,48,A,DM,111,0
2008,NaN,48,B,DM,168,0
2008,NaN,50,A,DM,147,0
2008,NaN,50,B,DM,116,0
2008,NaN,59,A,DM,136,0
2008,NaN,59,B,DM,114,0
2008,NaN,69,A,DM,90,0
2008,NaN,69,B,DM,91,0
2008,NaN,70,A,DM,101,0
2008,NaN,70,B,DM,106,0
2008,NaN,78,A,DM,181,0
2008,NaN,78,B,DM,137,0
2008,NaN,401,A,DM,112,0
2008,NaN,401,B,DM,80,0
2008,NaN,501,A,DM,75,0
2008,NaN,501,B,DM,80,0
2008,NaN,601,A,DM,208,0
2008,NaN,601,B,DM,198,0
2008,NaN,701,A,DM,139,0
2008,NaN,701,B,DM,177,0
2008,NaN,801,A,DM,185,0
2008,NaN,801,B,DM,165,0
2010,7/22/2010,30,A,DM,105,0
2010,7/22/2010,30,B,DM,82,0
2010,7/22/2010,39,A,DM,74,0
2010,7/22/2010,39,B,DM,117,0
2010,7/22/2010,40,A,DM,167,0
2010,7/22/2010,40,B,DM,142,0
2010,7/22/2010,48,A,DM,183,0
2010,7/22/2010,48,B,DM,222,0
2010,7/22/2010,59,A,DM,122,0
2010,7/22/2010,59,B,DM,176,0
2010,8/2/2010,401,A,DM,133,0
2010,8/2/2010,401,B,DM,72,0
2010,8/2/2010,501,A,DM,157,0
2010,8/2/2010,601,A,DM,130,0
2010,8/2/2010,601,B,DM,75,0
2010,8/5/2010,50,A,DM,60,0
2010,8/5/2010,50,B,DM,39,0
2010,8/5/2010,70,A,DM,61,0
2010,8/5/2010,70,B,DM,76,0
2010,8/10/2010,78,A,DM,179,0
2010,8/10/2010,78,B,DM,256,0
2010,8/10/2010,701,A,DM,218,0
2010,8/10/2010,701,B,DM,134,0
2010,8/10/2010,801,A,DM,84,0
2010,8/10/2010,801,B,DM,129,0
2010,NaN,9,A,DM,172,0
2010,NaN,9,B,DM,136,0
2010,NaN,18,A,DM,188,0
2010,NaN,18,B,DM,126,0
2010,NaN,69,A,DM,48,0
2010,NaN,69,B,DM,100,0
2010,NaN,501,B,DM,143,0
2011,7/13/2011,30,A,DM,71,0
2011,7/13/2011,30,B,DM,68,0
2011,7/20/2011,9,A,DM,109,0
2011,7/20/2011,9,B,DM,69,0
2011,7/20/2011,18,A,DM,108,0
2011,7/20/2011,18,B,DM,144,0
2011,7/20/2011,39,A,DM,103,0
2011,7/20/2011,39,B,DM,91,0
2011,7/20/2011,40,A,DM,95,0
2011,7/20/2011,40,B,DM,92,0
2011,7/20/2011,701,B,DM,76,0
2011,7/20/2011,801,A,DM,136,0
2011,7/22/2011,50,A,DM,94,0
2011,7/22/2011,50,B,DM,83,0
2011,7/22/2011,401,A,DM,98,0
2011,7/22/2011,401,B,DM,80,0
2011,7/22/2011,501,A,DM,142,0
2011,7/22/2011,501,B,DM,146,0
2011,7/22/2011,601,A,DM,193,0
2011,7/22/2011,601,B,DM,180,0
2011,7/22/2011,701,A,DM,120,0
2011,7/22/2011,801,B,DM,71,0
2011,7/25/2011,59,A,DM,147,0
2011,7/25/2011,59,B,DM,82,0
2011,7/25/2011,69,A,DM,159,0
2011,7/25/2011,69,B,DM,72,0
2011,7/25/2011,70,A,DM,82,0
2011,7/25/2011,70,B,DM,59,0
2011,7/25/2011,78,A,DM,280,0
2011,8/8/2011,78,B,DM,265,0
2011,9/9/2011,48,A,DM,80,0
2011,9/9/2011,48,B,DM,52,0
2012,6/26/2012,9,A,DM,106,0
2012,6/26/2012,9,B,DM,66,0
2012,6/26/2012,18,A,DM,73,0
2012,6/26/2012,18,B,DM,56,0
2012,6/26/2012,30,A,DM,76,0
2012,6/26/2012,30,B,DM,75,0
2012,6/26/2012,39,A,DM,74,0
2012,6/26/2012,39,B,DM,72,0
2012,6/26/2012,40,A,DM,100,0
2012,6/26/2012,40,B,DM,81,0
2012,6/26/2012,48,A,DM,59,0
2012,6/26/2012,48,B,DM,102,0
2012,6/26/2012,50,A,DM,38,0
2012,6/26/2012,50,B,DM,30,0
2012,6/26/2012,59,A,DM,100,0
2012,6/26/2012,59,B,DM,46,0
2012,6/26/2012,69,A,DM,126,0
2012,6/26/2012,69,B,DM,73,0
2012,6/26/2012,70,A,DM,103,0
2012,6/26/2012,70,B,DM,77,0
2012,6/26/2012,78,A,DM,119,0
2012,6/26/2012,78,B,DM,155,0
2012,6/26/2012,401,A,DM,81,0
2012,6/26/2012,401,B,DM,83,0
2012,6/26/2012,501,A,DM,82,0
2012,6/26/2012,501,B,DM,74,0
2012,6/26/2012,601,A,DM,72,0
2012,6/26/2012,601,B,DM,111,0
2012,6/26/2012,701,A,DM,100,0
2012,6/26/2012,701,B,DM,116,0
2012,6/26/2012,801,A,DM,53,0
2012,6/26/2012,801,B,DM,87,0
2013,7/18/2013,9,A,DM,109,0
2013,7/18/2013,9,B,DM,163,0
2013,7/18/2013,30,A,DM,145,0
2013,7/18/2013,30,B,DM,148,0
2013,7/18/2013,40,A,DM,189,0
2013,7/18/2013,40,B,DM,108,0
2013,7/24/2013,18,A,DM,159,0
2013,7/24/2013,18,B,DM,229,0
2013,7/24/2013,39,B,DM,94,0
2013,7/24/2013,48,A,DM,183,0
2013,7/24/2013,48,B,DM,170,0
2013,7/24/2013,50,A,DM,76,0
2013,7/24/2013,50,B,DM,78,0
2013,7/24/2013,59,A,DM,92,0
2013,7/24/2013,59,B,DM,96,0
2013,7/24/2013,69,A,DM,127,0
2013,7/24/2013,69,B,DM,176,0
2013,7/24/2013,70,A,DM,156,0
2013,7/24/2013,70,B,DM,170,0
2013,7/24/2013,78,A,DM,267,0
2013,7/24/2013,78,B,DM,209,0
2013,7/24/2013,401,B,DM,113,0
2013,7/24/2013,601,A,DM,262,0
2013,7/24/2013,601,B,DM,134,0
2013,7/24/2013,701,A,DM,165,0
2013,7/24/2013,701,B,DM,125,0
2013,7/24/2013,801,A,DM,114,0
2013,7/24/2013,801,B,DM,134,0
2013,7/25/2013,39,A,DM,109,0
2013,7/25/2013,401,A,DM,131,0
2013,7/25/2013,501,A,DM,136,0
2013,7/25/2013,501,B,DM,129,0
2014,7/14/2014,9,A,DM,143,0
2014,7/14/2014,9,B,DM,169,0
2014,7/14/2014,18,A,DM,151,0
2014,7/14/2014,18,B,DM,99,0
2014,7/14/2014,30,A,DM,114,0
2014,7/14/2014,30,B,DM,70,0
2014,7/14/2014,39,A,DM,84,0
2014,7/14/2014,39,B,DM,118,0
2014,7/14/2014,50,B,DM,108,0
2014,7/14/2014,59,A,DM,193,0
2014,7/14/2014,70,A,DM,120,0
2014,7/14/2014,70,B,DM,113,0
2014,7/15/2014,40,A,DM,120,0
2014,7/15/2014,40,B,DM,143,0
2014,7/15/2014,48,A,DM,170,0
2014,7/15/2014,48,B,DM,107,0
2014,7/15/2014,401,A,DM,73,0
2014,7/15/2014,401,B,DM,95,0
2014,7/16/2014,50,A,DM,84,0
2014,7/16/2014,59,B,DM,131,0
2014,7/16/2014,69,A,DM,142,0
2014,7/16/2014,69,B,DM,158,0
2014,7/16/2014,78,A,DM,120,0
2014,7/16/2014,78,B,DM,164,0
2014,7/16/2014,501,A,DM,217,0
2014,7/16/2014,501,B,DM,263,0
2014,7/16/2014,601,A,DM,168,0
2014,7/16/2014,601,B,DM,191,0
2014,7/16/2014,701,A,DM,106,0
2014,7/16/2014,701,B,DM,175,0
2014,7/16/2014,801,A,DM,202,0
2014,7/16/2014,801,B,DM,128,0
2015,7/20/2015,30,A,DM,136,0
2015,7/20/2015,30,B,DM,103,0
2015,7/24/2015,9,A,DM,134,0
2015,7/24/2015,9,B,DM,199,0
2015,7/24/2015,39,A,DM,159,0
2015,7/24/2015,39,B,DM,254,0
2015,7/24/2015,40,A,DM,160,0
2015,7/24/2015,40,B,DM,196,0
2015,7/24/2015,401,A,DM,136,0
2015,7/24/2015,401,B,DM,93,0
2015,7/25/2015,18,A,DM,243,0
2015,7/25/2015,501,A,DM,160,0
2015,7/25/2015,501,B,DM,137,0
2015,7/29/2015,18,B,DM,166,0
2015,7/29/2015,50,A,DM,113,0
2015,7/29/2015,50,B,DM,80,0
2015,7/29/2015,59,A,DM,206,0
2015,7/29/2015,59,B,DM,210,0
2015,7/29/2015,601,A,DM,172,0
2015,7/29/2015,601,B,DM,343,0
2015,7/31/2015,70,A,DM,143,0
2015,7/31/2015,70,B,DM,128,0
2015,7/31/2015,701,A,DM,213,0
2015,7/31/2015,701,B,DM,211,0
2015,7/31/2015,801,A,DM,250,0
2015,7/31/2015,801,B,DM,180,0
2015,8/3/2015,69,A,DM,126,0
2015,8/3/2015,69,B,DM,152,0
2015,8/4/2015,48,A,DM,323,0
2015,8/4/2015,48,B,DM,193,0
2015,8/4/2015,78,A,DM,122,0
2015,8/4/2015,78,B,DM,159,0
2016,7/15/2016,9,A,DM,164,0
2016,7/15/2016,9,B,DM,218,0
2016,7/16/2016,69,B,DM,181,0
2016,7/18/2016,30,A,DM,243,0
2016,7/18/2016,30,B,DM,140,0
2016,7/18/2016,39,A,DM,201,0
2016,7/18/2016,39,B,DM,94,0
2016,7/18/2016,40,A,DM,200,0
2016,7/18/2016,40,B,DM,236,0
2016,7/18/2016,401,A,DM,164,0
2016,7/18/2016,401,B,DM,103,0
2016,7/18/2016,501,A,DM,255,0
2016,7/20/2016,48,A,DM,99,0
2016,7/20/2016,48,B,DM,145,0
2016,7/20/2016,50,A,DM,133,0
2016,7/20/2016,50,B,DM,101,0
2016,7/20/2016,59,A,DM,204,0
2016,7/20/2016,59,B,DM,122,0
2016,7/20/2016,69,A,DM,144,0
2016,7/20/2016,70,A,DM,222,0
2016,7/20/2016,70,B,DM,156,0
2016,7/20/2016,78,A,DM,211,0
2016,7/20/2016,78,B,DM,260,0
2016,7/20/2016,501,B,DM,200,0
2016,7/20/2016,601,A,DM,242,0
2016,7/20/2016,601,B,DM,175,0
2016,7/20/2016,701,A,DM,106,0
2016,7/20/2016,701,B,DM,222,0
2016,7/20/2016,801,A,DM,110,0
2016,7/20/2016,801,B,DM,148,0
2016,8/1/2016,18,A,DM,232,0
2016,8/1/2016,18,B,DM,173,0
2017,7/12/2017,9,A,DM,111,0
2017,7/12/2017,9,B,DM,105,0
2017,7/19/2017,601,A,DM,173,0
2017,7/19/2017,601,B,DM,197,0
2017,7/19/2017,701,A,DM,82,0
2017,7/19/2017,701,B,DM,83,0
2017,7/19/2017,801,A,DM,147,0
2017,7/19/2017,801,B,DM,155,0
2017,7/24/2017,50,A,DM,111,0
2017,7/24/2017,50,B,DM,91,0
2017,7/24/2017,501,A,DM,120,0
2017,7/24/2017,501,B,DM,150,0
2017,7/31/2017,18,A,DM,232,0
2017,7/31/2017,18,B,DM,113,0
2017,8/2/2017,30,A,DM,100,0
2017,8/2/2017,30,B,DM,84,0
2017,8/2/2017,40,A,DM,92,0
2017,8/2/2017,40,B,DM,135,0
2017,8/2/2017,69,A,DM,176,0
2017,8/2/2017,69,B,DM,136,0
2017,8/2/2017,78,A,DM,268,0
2017,8/2/2017,78,B,DM,160,0
2017,8/24/2017,48,A,DM,154,0
2017,8/24/2017,48,B,DM,167,0
2017,8/24/2017,401,A,DM,102,0
2017,8/24/2017,401,B,DM,100,0
2017,8/30/2017,39,A,DM,88,0
2017,8/30/2017,39,B,DM,131,0
2017,8/30/2017,59,A,DM,105,0
2017,8/30/2017,59,B,DM,145,0
2017,9/6/2017,70,A,DM,118,0
2017,9/6/2017,70,B,DM,62,0
2018,6/25/2018,39,A,DM,256,0
2018,6/25/2018,39,B,DM,140.3,0
2018,6/27/2018,9,A,DM,178.4,0
2018,6/27/2018,9,B,DM,142.9,0
2018,6/27/2018,40,A,DM,165,0
2018,6/27/2018,40,B,DM,238.9,0
2018,6/27/2018,401,A,DM,147.4,0
2018,6/27/2018,401,B,DM,162.7,0
2018,6/27/2018,501,A,DM,168.6,0
2018,6/27/2018,501,B,DM,123.8,0
2018,7/2/2018,30,A,DM,88.6,0
2018,7/2/2018,30,B,DM,136.4,0
2018,7/2/2018,48,A,DM,86.3,0
2018,7/2/2018,50,A,DM,69.6,0
2018,7/2/2018,50,B,DM,108.6,0
2018,7/2/2018,59,A,DM,158.4,0
2018,7/2/2018,59,B,DM,201.8,0
2018,7/5/2018,70,B,DM,44.2,0
2018,7/6/2018,48,B,DM,133.8,0
2018,7/6/2018,69,A,DM,138.7,0
2018,7/6/2018,69,B,DM,145.9,0
2018,7/6/2018,70,A,DM,111.6,0
2018,7/6/2018,78,A,DM,190,0
2018,7/6/2018,78,B,DM,226.5,0
2018,7/9/2018,18,A,DM,202.4,0
2018,7/9/2018,18,B,DM,162.6,0
2018,7/9/2018,601,A,DM,219.1,0
2018,7/9/2018,601,B,DM,154.6,0
2018,7/9/2018,701,A,DM,232.9,0
2018,7/9/2018,701,B,DM,247.1,0
2018,7/9/2018,801,A,DM,130.8,0
2018,7/9/2018,801,B,DM,83.8,0
2008,NaN,10,A,FF,102,0
2008,NaN,10,B,FF,117,0
2008,NaN,19,A,FF,94,0
2008,NaN,19,B,FF,115,0
2008,NaN,20,A,FF,58,0
2008,NaN,20,B,FF,28,0
2008,NaN,29,A,FF,194,0
2008,NaN,29,B,FF,185,0
2008,NaN,51,A,FF,97,0
2008,NaN,51,B,FF,65,0
2008,NaN,58,A,FF,81,0
2008,NaN,58,B,FF,94,0
2008,NaN,101,A,FF,41,0
2008,NaN,101,B,FF,117,0
2008,NaN,201,A,FF,118,0
2008,NaN,201,B,FF,64,0
2010,7/1/2010,10,A,FF,83,0
2010,7/1/2010,10,B,FF,106,0
2010,7/1/2010,19,A,FF,80,0
2010,7/1/2010,19,B,FF,73,0
2010,7/1/2010,20,A,FF,43,0
2010,7/1/2010,20,B,FF,31,0
2010,7/1/2010,29,A,FF,54,0
2010,7/1/2010,29,B,FF,81,0
2010,7/1/2010,101,A,FF,42,0
2010,7/1/2010,101,B,FF,43,0
2010,8/5/2010,58,A,FF,130,0
2010,8/5/2010,58,B,FF,74,0
2010,NaN,51,A,FF,229,0
2010,NaN,51,B,FF,104,0
2010,NaN,201,A,FF,26,0
2010,NaN,201,B,FF,40,0
2011,7/12/2011,10,A,FF,273,0
2011,7/12/2011,10,B,FF,182,0
2011,7/12/2011,101,A,FF,94,0
2011,7/12/2011,101,B,FF,32,0
2011,7/12/2011,201,A,FF,102,0
2011,7/12/2011,201,B,FF,217,0
2011,7/13/2011,19,A,FF,149,0
2011,7/13/2011,19,B,FF,90,0
2011,7/13/2011,20,A,FF,89,0
2011,7/13/2011,20,B,FF,71,0
2011,7/13/2011,29,A,FF,168,0
2011,7/13/2011,29,B,FF,120,0
2011,7/25/2011,58,A,FF,73,0
2011,7/25/2011,58,B,FF,50,0
2011,8/5/2011,51,A,FF,80,0
2011,8/5/2011,51,B,FF,103,0
2012,6/26/2012,19,A,FF,294,0
2012,6/26/2012,19,B,FF,132,0
2012,6/26/2012,20,A,FF,158,0
2012,6/26/2012,20,B,FF,105,0
2012,6/26/2012,29,A,FF,149,0
2012,6/26/2012,29,B,FF,100,0
2012,6/26/2012,58,A,FF,97,0
2012,6/26/2012,58,B,FF,219,0
2012,6/26/2012,101,A,FF,83,0
2012,6/26/2012,101,B,FF,157,0
2012,6/26/2012,201,A,FF,125,0
2012,6/26/2012,201,B,FF,131,0
2012,6/27/2012,10,A,FF,57,0
2012,6/27/2012,10,B,FF,47,0
2012,7/9/2012,51,A,FF,46,0
2012,7/9/2012,51,B,FF,144,0
2013,7/17/2013,19,A,FF,111,0
2013,7/17/2013,19,B,FF,242,0
2013,7/17/2013,20,A,FF,91,0
2013,7/17/2013,20,B,FF,78,0
2013,7/17/2013,29,A,FF,156,0
2013,7/17/2013,29,B,FF,223,0
2013,7/17/2013,51,A,FF,159,0
2013,7/17/2013,51,B,FF,153,0
2013,7/17/2013,201,A,FF,101,0
2013,7/17/2013,201,B,FF,87,0
2013,7/18/2013,10,A,FF,110,0
2013,7/18/2013,10,B,FF,161,0
2013,7/18/2013,58,A,FF,181,0
2013,7/18/2013,58,B,FF,151,0
2013,7/18/2013,101,A,FF,138,0
2013,7/18/2013,101,B,FF,54,0
2014,7/14/2014,10,A,FF,155,0
2014,7/14/2014,10,B,FF,93,0
2014,7/14/2014,19,A,FF,188,0
2014,7/14/2014,19,B,FF,105,0
2014,7/14/2014,20,A,FF,97,0
2014,7/14/2014,20,B,FF,111,0
2014,7/14/2014,101,A,FF,96,0
2014,7/14/2014,101,B,FF,147,0
2014,7/14/2014,201,A,FF,91,0
2014,7/14/2014,201,B,FF,106,0
2014,7/15/2014,29,A,FF,127,0
2014,7/15/2014,29,B,FF,90,0
2014,7/16/2014,58,A,FF,162,0
2014,7/16/2014,58,B,FF,103,0
2014,8/7/2014,51,A,FF,172,0
2014,8/7/2014,51,B,FF,145,0
2015,7/13/2015,10,A,FF,212,0
2015,7/13/2015,10,B,FF,111,0
2015,7/13/2015,101,A,FF,98,0
2015,7/13/2015,101,B,FF,108,0
2015,7/13/2015,201,A,FF,194,0
2015,7/13/2015,201,B,FF,161,0
2015,7/17/2015,19,A,FF,222,0
2015,7/17/2015,19,B,FF,220,0
2015,7/17/2015,20,A,FF,133,0
2015,7/17/2015,20,B,FF,109,0
2015,7/20/2015,29,A,FF,169,0
2015,7/20/2015,29,B,FF,199,0
2015,8/4/2015,58,A,FF,219,0
2015,8/4/2015,58,B,FF,171,0
2015,8/26/2015,51,A,FF,145,0
2015,8/26/2015,51,B,FF,51,0
2016,7/6/2016,19,A,FF,185,0
2016,7/6/2016,19,B,FF,142,0
2016,7/6/2016,20,A,FF,121,0
2016,7/6/2016,20,B,FF,80,0
2016,7/13/2016,10,A,FF,210,0
2016,7/13/2016,10,B,FF,64,0
2016,7/13/2016,101,A,FF,87,0
2016,7/13/2016,101,B,FF,79,0
2016,7/13/2016,201,A,FF,56,0
2016,7/13/2016,201,B,FF,110,0
2016,7/18/2016,29,A,FF,199,0
2016,7/18/2016,29,B,FF,416,0
2016,7/18/2016,58,A,FF,115,0
2016,7/18/2016,58,B,FF,101,0
2016,8/2/2016,51,B,FF,67,0
2016,8/5/2016,51,A,FF,212,0
2017,7/5/2017,10,A,FF,113,0
2017,7/5/2017,10,B,FF,61,0
2017,7/10/2017,20,A,FF,131,0
2017,7/10/2017,20,B,FF,49,0
2017,7/10/2017,51,A,FF,162,0
2017,7/10/2017,51,B,FF,124,0
2017,7/19/2017,19,A,FF,120,0
2017,7/19/2017,19,B,FF,57,0
2017,7/24/2017,29,A,FF,140,0
2017,7/24/2017,29,B,FF,124,0
2017,8/30/2017,58,A,FF,212,0
2017,8/30/2017,58,B,FF,151,0
2017,8/30/2017,101,A,FF,118,0
2017,8/30/2017,101,B,FF,161,0
2017,8/30/2017,201,A,FF,101,0
2017,8/30/2017,201,B,FF,112,0
2018,6/18/2018,29,A,FF,197.7,0
2018,6/25/2018,10,A,FF,165.5,0
2018,6/25/2018,10,B,FF,219.4,0
2018,6/25/2018,19,A,FF,212.6,0
2018,6/25/2018,19,B,FF,192.7,0
2018,6/25/2018,20,A,FF,207,0
2018,6/25/2018,20,B,FF,117,0
2018,6/25/2018,29,B,FF,176.6,0
2018,6/25/2018,101,A,FF,261.6,0
2018,6/25/2018,101,B,FF,63.4,0
2018,6/25/2018,201,A,FF,199.4,0
2018,6/25/2018,201,B,FF,216.3,0
2018,6/27/2018,58,A,FF,158,0
2018,6/27/2018,58,B,FF,152,0
2018,7/18/2018,51,A,FF,76.9,0
2018,7/18/2018,51,B,FF,73.2,0
1992,NaN,2,none,MM,292,1
1992,NaN,3,none,MM,258,1
1992,NaN,4,none,MM,149,1
1992,NaN,8,none,MM,175,1
1992,NaN,17,none,MM,155,1
1992,NaN,22,none,MM,210,1
1992,NaN,25,none,MM,174,1
1992,NaN,26,none,MM,217,1
1992,NaN,27,none,MM,334,1
1992,NaN,36,none,MM,226,1
1992,NaN,43,none,MM,91,1
1992,NaN,46,none,MM,222,1
1992,NaN,49,none,MM,137,1
1992,NaN,52,none,MM,330,1
1992,NaN,53,none,MM,66,1
1992,NaN,60,none,MM,136,1
1992,NaN,61,none,MM,391,1
1992,NaN,64,none,MM,230,1
1992,NaN,67,none,MM,395,1
1992,NaN,72,none,MM,168,1
1992,NaN,73,none,MM,231,1
1992,NaN,74,none,MM,124,1
1992,NaN,75,none,MM,57,1
1992,NaN,79,none,MM,92,1
1992,NaN,80,none,MM,135,1
1993,NaN,2,none,MM,136,1
1993,NaN,3,none,MM,157,1
1993,NaN,4,none,MM,1,1
1993,NaN,8,none,MM,162,1
1993,NaN,22,none,MM,123,1
1993,NaN,25,none,MM,176,1
1993,NaN,26,none,MM,317,1
1993,NaN,27,none,MM,222,1
1993,NaN,36,none,MM,277,1
1993,NaN,44,none,MM,37,1
1993,NaN,46,none,MM,210,1
1993,NaN,49,none,MM,143,1
1993,NaN,52,none,MM,77,1
1993,NaN,53,none,MM,0,1
1993,NaN,60,none,MM,143,1
1993,NaN,61,none,MM,398,1
1993,NaN,64,none,MM,150,1
1993,NaN,67,none,MM,368,1
1993,NaN,72,none,MM,229,1
1993,NaN,73,none,MM,198,1
1993,NaN,79,none,MM,169,1
1993,NaN,80,none,MM,249,1
1994,NaN,2,none,MM,206,1
1994,NaN,3,none,MM,213,1
1994,NaN,4,none,MM,120,1
1994,NaN,8,none,MM,190,1
1994,NaN,17,none,MM,284,1
1994,NaN,22,none,MM,160,1
1994,NaN,25,none,MM,157,1
1994,NaN,26,none,MM,318,1
1994,NaN,27,none,MM,129,1
1994,NaN,36,none,MM,266,1
1994,NaN,43,none,MM,119,1
1994,NaN,44,none,MM,158,1
1994,NaN,46,none,MM,145,1
1994,NaN,49,none,MM,195,1
1994,NaN,52,none,MM,223,1
1994,NaN,53,none,MM,111,1
1994,NaN,60,none,MM,107,1
1994,NaN,61,none,MM,299,1
1994,NaN,64,none,MM,220,1
1994,NaN,67,none,MM,469,1
1994,NaN,72,none,MM,239,1
1994,NaN,73,none,MM,228,1
1994,NaN,74,none,MM,61,1
1994,NaN,75,none,MM,83,1
1994,NaN,79,none,MM,104,1
1994,NaN,80,none,MM,142,1
1995,NaN,2,none,MM,133,1
1995,NaN,3,none,MM,340,1
1995,NaN,4,none,MM,81,1
1995,NaN,8,none,MM,213,1
1995,NaN,17,none,MM,280,1
1995,NaN,22,none,MM,119,1
1995,NaN,25,none,MM,145,1
1995,NaN,26,none,MM,262,1
1995,NaN,27,none,MM,215,1
1995,NaN,36,none,MM,250,1
1995,NaN,43,none,MM,45,1
1995,NaN,44,none,MM,88,1
1995,NaN,46,none,MM,100,1
1995,NaN,49,none,MM,142,1
1995,NaN,52,none,MM,111,1
1995,NaN,53,none,MM,27,1
1995,NaN,60,none,MM,160,1
1995,NaN,61,none,MM,181,1
1995,NaN,64,none,MM,161,1
1995,NaN,67,none,MM,472,1
1995,NaN,72,none,MM,143,1
1995,NaN,73,none,MM,60,1
1995,NaN,79,none,MM,102,1
1995,NaN,80,none,MM,148,1
1997,NaN,2,none,MM,139,1
1997,NaN,3,none,MM,256,1
1997,NaN,8,none,MM,179,1
1997,NaN,17,none,MM,207,1
1997,NaN,22,none,MM,288,1
1997,NaN,25,none,MM,179,1
1997,NaN,26,none,MM,250,1
1997,NaN,27,none,MM,149,1
1997,NaN,36,none,MM,177,1
1997,NaN,43,none,MM,115,1
1997,NaN,44,none,MM,85,1
1997,NaN,46,none,MM,295,1
1997,NaN,52,none,MM,439,1
1997,NaN,53,none,MM,164,1
1997,NaN,60,none,MM,116,1
1997,NaN,61,none,MM,193,1
1997,NaN,64,none,MM,82,1
1997,NaN,72,none,MM,117,1
1997,NaN,73,none,MM,217,1
1997,NaN,75,none,MM,23,1
2008,NaN,2,A,MM,174,1
2008,NaN,2,B,MM,189,1
2008,NaN,3,A,MM,509,1
2008,NaN,3,B,MM,465,1
2008,NaN,4,A,MM,296,1
2008,NaN,4,B,MM,157,1
2008,NaN,8,A,MM,148,1
2008,NaN,8,B,MM,172,1
2008,NaN,17,A,MM,241,1
2008,NaN,17,B,MM,201,1
2008,NaN,22,A,MM,256,1
2008,NaN,22,B,MM,196,1
2008,NaN,25,A,MM,304,1
2008,NaN,25,B,MM,200,1
2008,NaN,26,A,MM,211,1
2008,NaN,26,B,MM,393,1
2008,NaN,27,A,MM,259,1
2008,NaN,27,B,MM,160,1
2008,NaN,36,A,MM,143,1
2008,NaN,36,B,MM,127,1
2008,NaN,43,A,MM,109,1
2008,NaN,43,B,MM,62,1
2008,NaN,44,A,MM,185,1
2008,NaN,44,B,MM,114,1
2008,NaN,46,A,MM,267,1
2008,NaN,46,B,MM,152,1
2008,NaN,49,A,MM,111,1
2008,NaN,49,B,MM,120,1
2008,NaN,52,A,MM,466,1
2008,NaN,52,B,MM,294,1
2008,NaN,53,A,MM,176,1
2008,NaN,53,B,MM,232,1
2008,NaN,60,A,MM,215,1
2008,NaN,60,B,MM,152,1
2008,NaN,61,A,MM,234,1
2008,NaN,61,B,MM,373,1
2008,NaN,64,A,MM,196,1
2008,NaN,64,B,MM,133,1
2008,NaN,67,A,MM,388,1
2008,NaN,67,B,MM,346,1
2008,NaN,72,A,MM,213,1
2008,NaN,72,B,MM,271,1
2008,NaN,73,A,MM,253,1
2008,NaN,73,B,MM,341,1
2008,NaN,74,A,MM,75,1
2008,NaN,74,B,MM,114,1
2008,NaN,75,A,MM,97,1
2008,NaN,75,B,MM,49,1
2008,NaN,79,A,MM,113,1
2008,NaN,79,B,MM,108,1
2008,NaN,80,A,MM,85,1
2008,NaN,80,B,MM,234,1
2010,8/5/2010,60,A,MM,93,1
2010,8/5/2010,60,B,MM,65,1
2010,8/5/2010,80,A,MM,56,1
2010,8/5/2010,80,B,MM,60,1
2010,8/12/2010,2,A,MM,262,1
2010,8/12/2010,2,B,MM,120,1
2010,8/12/2010,3,A,MM,384,1
2010,8/12/2010,3,B,MM,437,1
2010,8/12/2010,4,A,MM,97,1
2010,8/12/2010,4,B,MM,101,1
2010,8/12/2010,17,A,MM,119,1
2010,8/12/2010,17,B,MM,116,1
2010,NaN,8,A,MM,103,1
2010,NaN,8,B,MM,143,1
2010,NaN,22,A,MM,176,1
2010,NaN,22,B,MM,232,1
2010,NaN,25,A,MM,68,1
2010,NaN,25,B,MM,62,1
2010,NaN,26,A,MM,169,1
2010,NaN,26,B,MM,245,1
2010,NaN,27,A,MM,117,1
2010,NaN,27,B,MM,186,1
2010,NaN,36,A,MM,99,1
2010,NaN,36,B,MM,183,1
2010,NaN,43,A,MM,94,1
2010,NaN,43,B,MM,133,1
2010,NaN,44,A,MM,148,1
2010,NaN,44,B,MM,100,1
2010,NaN,46,A,MM,122,1
2010,NaN,46,B,MM,134,1
2010,NaN,49,A,MM,204,1
2010,NaN,49,B,MM,156,1
2010,NaN,52,A,MM,276,1
2010,NaN,52,B,MM,265,1
2010,NaN,53,A,MM,123,1
2010,NaN,53,B,MM,62,1
2010,NaN,61,A,MM,156,1
2010,NaN,61,B,MM,182,1
2010,NaN,64,A,MM,198,1
2010,NaN,64,B,MM,130,1
2010,NaN,67,A,MM,347,1
2010,NaN,67,B,MM,241,1
2010,NaN,72,A,MM,166,1
2010,NaN,72,B,MM,254,1
2010,NaN,73,A,MM,199,1
2010,NaN,73,B,MM,179,1
2010,NaN,74,A,MM,156,1
2010,NaN,74,B,MM,132,1
2010,NaN,75,A,MM,30,1
2010,NaN,75,B,MM,88,1
2010,NaN,79,A,MM,81,1
2010,NaN,79,B,MM,57,1
2011,7/25/2011,49,A,MM,84,1
2011,7/26/2011,49,B,MM,203,1
2011,7/26/2011,60,A,MM,240,1
2011,7/26/2011,60,B,MM,129,1
2011,7/26/2011,79,A,MM,157,1
2011,7/27/2011,8,A,MM,198,1
2011,7/27/2011,8,B,MM,81,1
2011,7/27/2011,17,A,MM,227,1
2011,7/27/2011,17,B,MM,203,1
2011,7/27/2011,27,A,MM,233,1
2011,7/27/2011,27,B,MM,175,1
2011,7/27/2011,67,A,MM,321,1
2011,7/27/2011,67,B,MM,250,1
2011,7/27/2011,74,A,MM,51,1
2011,7/27/2011,79,B,MM,132,1
2011,7/27/2011,80,A,MM,123,1
2011,7/27/2011,80,B,MM,127,1
2011,8/2/2011,26,A,MM,101,1
2011,8/2/2011,26,B,MM,113,1
2011,8/4/2011,52,A,MM,283,1
2011,8/4/2011,52,B,MM,335,1
2011,8/4/2011,61,A,MM,282,1
2011,8/4/2011,61,B,MM,163,1
2011,8/4/2011,72,A,MM,164,1
2011,8/5/2011,22,B,MM,87,1
2011,8/5/2011,25,A,MM,101,1
2011,8/5/2011,25,B,MM,73,1
2011,8/5/2011,36,A,MM,117,1
2011,8/5/2011,36,B,MM,134,1
2011,8/5/2011,64,A,MM,171,1
2011,8/5/2011,64,B,MM,128,1
2011,8/5/2011,73,A,MM,201,1
2011,8/5/2011,73,B,MM,206,1
2011,8/8/2011,53,A,MM,164,1
2011,8/8/2011,72,B,MM,201,1
2011,8/10/2011,2,A,MM,139,1
2011,8/10/2011,2,B,MM,136,1
2011,8/10/2011,3,A,MM,304,1
2011,8/10/2011,3,B,MM,370,1
2011,8/10/2011,4,A,MM,116,1
2011,8/10/2011,4,B,MM,83,1
2011,8/10/2011,53,B,MM,275,1
2011,9/2/2011,43,A,MM,64,1
2011,9/2/2011,43,B,MM,52,1
2011,9/2/2011,44,A,MM,66,1
2011,9/2/2011,44,B,MM,72,1
2011,9/2/2011,46,A,MM,71,1
2011,9/2/2011,46,B,MM,119,1
2011,9/2/2011,74,B,MM,11,1
2011,9/2/2011,75,A,MM,14,1
2011,9/2/2011,75,B,MM,32,1
2011,9/9/2011,22,A,MM,128,1
2012,7/12/2010,72,B,MM,216,1
2012,7/9/2012,8,A,MM,185,1
2012,7/9/2012,8,B,MM,146,1
2012,7/9/2012,43,A,MM,90,1
2012,7/9/2012,43,B,MM,58,1
2012,7/9/2012,49,A,MM,140,1
2012,7/9/2012,49,B,MM,147,1
2012,7/9/2012,52,A,MM,137,1
2012,7/9/2012,52,B,MM,82,1
2012,7/9/2012,53,A,MM,159,1
2012,7/9/2012,53,B,MM,129,1
2012,7/9/2012,60,A,MM,171,1
2012,7/9/2012,60,B,MM,139,1
2012,7/9/2012,67,A,MM,390,1
2012,7/9/2012,67,B,MM,299,1
2012,7/9/2012,79,A,MM,130,1
2012,7/9/2012,79,B,MM,94,1
2012,7/9/2012,80,A,MM,70,1
2012,7/9/2012,80,B,MM,57,1
2012,7/11/2012,2,A,MM,203,1
2012,7/11/2012,2,B,MM,227,1
2012,7/11/2012,3,A,MM,314,1
2012,7/11/2012,3,B,MM,358,1
2012,7/11/2012,4,A,MM,106,1
2012,7/11/2012,4,B,MM,167,1
2012,7/11/2012,17,A,MM,170,1
2012,7/11/2012,17,B,MM,140,1
2012,7/11/2012,22,A,MM,220,1
2012,7/11/2012,22,B,MM,192,1
2012,7/11/2012,25,A,MM,146,1
2012,7/11/2012,25,B,MM,127,1
2012,7/11/2012,26,A,MM,205,1
2012,7/11/2012,26,B,MM,197,1
2012,7/11/2012,27,A,MM,165,1
2012,7/11/2012,27,B,MM,174,1
2012,7/12/2012,36,A,MM,162,1
2012,7/12/2012,36,B,MM,88,1
2012,7/12/2012,46,A,MM,222,1
2012,7/12/2012,46,B,MM,145,1
2012,7/12/2012,61,A,MM,182,1
2012,7/12/2012,61,B,MM,201,1
2012,7/12/2012,64,A,MM,143,1
2012,7/12/2012,64,B,MM,132,1
2012,7/12/2012,72,A,MM,190,1
2012,7/12/2012,73,A,MM,122,1
2012,7/12/2012,73,B,MM,196,1
2012,7/12/2012,74,A,MM,196,1
2012,7/12/2012,74,B,MM,138,1
2012,7/12/2012,75,A,MM,81,1
2012,7/12/2012,75,B,MM,64,1
2012,7/13/2012,44,A,MM,137,1
2012,7/13/2012,44,B,MM,147,1
2013,7/26/2013,2,A,MM,292,1
2013,7/26/2013,2,B,MM,311,1
2013,7/26/2013,3,A,MM,495,1
2013,7/26/2013,3,B,MM,356,1
2013,7/26/2013,4,A,MM,162,1
2013,7/26/2013,4,B,MM,136,1
2013,7/26/2013,8,A,MM,197,1
2013,7/26/2013,8,B,MM,138,1
2013,7/26/2013,17,A,MM,137,1
2013,7/26/2013,17,B,MM,84,1
2013,7/26/2013,26,A,MM,150,1
2013,7/26/2013,26,B,MM,294,1
2013,7/26/2013,27,A,MM,162,1
2013,7/26/2013,27,B,MM,161,1
2013,7/26/2013,49,A,MM,173,1
2013,7/26/2013,49,B,MM,187,1
2013,7/26/2013,60,A,MM,178,1
2013,7/26/2013,60,B,MM,178,1
2013,7/26/2013,79,A,MM,50,1
2013,7/26/2013,79,B,MM,103,1
2013,7/26/2013,80,A,MM,118,1
2013,7/26/2013,80,B,MM,118,1
2013,7/30/2013,22,A,MM,264,1
2013,7/30/2013,22,B,MM,225,1
2013,7/30/2013,25,A,MM,137,1
2013,7/30/2013,25,B,MM,190,1
2013,7/30/2013,36,A,MM,151,1
2013,7/30/2013,36,B,MM,139,1
2013,7/30/2013,43,A,MM,79,1
2013,7/30/2013,43,B,MM,101,1
2013,7/30/2013,44,A,MM,153,1
2013,7/30/2013,44,B,MM,194,1
2013,7/30/2013,46,A,MM,216,1
2013,7/30/2013,46,B,MM,140,1
2013,7/30/2013,52,A,MM,369,1
2013,7/30/2013,52,B,MM,405,1
2013,7/30/2013,53,A,MM,75,1
2013,7/30/2013,53,B,MM,90,1
2013,7/30/2013,67,A,MM,373,1
2013,7/30/2013,67,B,MM,382,1
2013,7/31/2013,61,A,MM,199,1
2013,7/31/2013,61,B,MM,159,1
2013,7/31/2013,64,A,MM,200,1
2013,7/31/2013,64,B,MM,176,1
2013,7/31/2013,72,A,MM,229,1
2013,7/31/2013,72,B,MM,224,1
2013,7/31/2013,73,A,MM,223,1
2013,7/31/2013,73,B,MM,250,1
2013,7/31/2013,74,A,MM,115,1
2013,7/31/2013,74,B,MM,110,1
2013,7/31/2013,75,A,MM,45,1
2013,7/31/2013,75,B,MM,79,1
2014,7/16/2014,8,A,MM,165,1
2014,7/16/2014,8,B,MM,141,1
2014,7/16/2014,60,A,MM,397,1
2014,7/16/2014,60,B,MM,151,1
2014,7/16/2014,67,A,MM,352,1
2014,7/16/2014,79,A,MM,180,1
2014,7/16/2014,79,B,MM,87,1
2014,7/16/2014,80,A,MM,156,1
2014,7/16/2014,80,B,MM,79,1
2014,7/17/2014,27,A,MM,241,1
2014,7/17/2014,27,B,MM,202,1
2014,7/17/2014,49,A,MM,162,1
2014,7/17/2014,49,B,MM,198,1
2014,7/17/2014,67,B,MM,312,1
2014,7/23/2014,17,A,MM,147,1
2014,7/23/2014,17,B,MM,142,1
2014,7/23/2014,25,A,MM,170,1
2014,7/23/2014,25,B,MM,114,1
2014,7/23/2014,26,A,MM,297,1
2014,7/23/2014,26,B,MM,275,1
2014,7/23/2014,36,A,MM,169,1
2014,7/23/2014,36,B,MM,220,1
2014,7/23/2014,52,A,MM,227,1
2014,7/23/2014,52,B,MM,364,1
2014,7/23/2014,72,A,MM,289,1
2014,7/23/2014,72,B,MM,348,1
2014,7/25/2014,3,A,MM,392,1
2014,7/25/2014,3,B,MM,322,1
2014,8/6/2014,2,A,MM,197,1
2014,8/6/2014,2,B,MM,171,1
2014,8/6/2014,4,A,MM,150,1
2014,8/6/2014,4,B,MM,188,1
2014,8/6/2014,22,A,MM,277,1
2014,8/6/2014,22,B,MM,114,1
2014,8/7/2014,46,A,MM,217,1
2014,8/7/2014,46,B,MM,209,1
2014,8/7/2014,61,A,MM,410,1
2014,8/7/2014,61,B,MM,268,1
2014,8/7/2014,73,A,MM,208,1
2014,8/7/2014,73,B,MM,237,1
2014,8/7/2014,75,A,MM,74,1
2014,8/7/2014,75,B,MM,19,1
2014,8/8/2014,43,A,MM,101,1
2014,8/8/2014,43,B,MM,129,1
2014,8/8/2014,44,A,MM,151,1
2014,8/8/2014,44,B,MM,125,1
2014,8/8/2014,53,A,MM,141,1
2014,8/8/2014,53,B,MM,202,1
2014,8/8/2014,64,A,MM,252,1
2014,8/8/2014,64,B,MM,190,1
2014,8/13/2014,74,A,MM,65,1
2014,8/13/2014,74,B,MM,115,1
2015,7/31/2015,60,A,MM,275,1
2015,7/31/2015,60,B,MM,126,1
2015,7/31/2015,80,A,MM,169,1
2015,7/31/2015,80,B,MM,214,1
2015,8/3/2015,79,A,MM,205,1
2015,8/3/2015,79,B,MM,96,1
2015,8/4/2015,49,A,MM,210,1
2015,8/4/2015,49,B,MM,207,1
2015,8/5/2015,4,A,MM,119,1
2015,8/5/2015,4,B,MM,172,1
2015,8/5/2015,8,A,MM,332,1
2015,8/5/2015,8,B,MM,279,1
2015,8/5/2015,17,A,MM,171,1
2015,8/5/2015,17,B,MM,182,1
2015,8/5/2015,25,A,MM,167,1
2015,8/5/2015,25,B,MM,102,1
2015,8/5/2015,26,A,MM,258,1
2015,8/5/2015,26,B,MM,229,1
2015,8/5/2015,27,A,MM,267,1
2015,8/5/2015,27,B,MM,217,1
2015,8/5/2015,36,A,MM,207,1
2015,8/5/2015,36,B,MM,247,1
2015,8/5/2015,43,A,MM,76,1
2015,8/5/2015,43,B,MM,90,1
2015,8/5/2015,44,A,MM,95,1
2015,8/5/2015,44,B,MM,162,1
2015,8/5/2015,46,A,MM,181,1
2015,8/5/2015,46,B,MM,119,1
2015,8/5/2015,67,A,MM,358,1
2015,8/5/2015,67,B,MM,407,1
2015,8/7/2015,52,A,MM,319,1
2015,8/7/2015,52,B,MM,287,1
2015,8/10/2015,2,A,MM,250,1
2015,8/10/2015,2,B,MM,212,1
2015,8/10/2015,3,A,MM,540,1
2015,8/10/2015,3,B,MM,155,1
2015,8/10/2015,53,A,MM,182,1
2015,8/10/2015,53,B,MM,118,1
2015,8/12/2015,22,A,MM,150,1
2015,8/12/2015,22,B,MM,152,1
2015,8/13/2015,64,B,MM,215,1
2015,8/16/2015,64,A,MM,130,1
2015,8/19/2015,72,A,MM,242,1
2015,8/19/2015,72,B,MM,50,1
2015,8/19/2015,73,A,MM,184,1
2015,8/19/2015,73,B,MM,98,1
2015,8/25/2015,61,A,MM,322,1
2015,8/25/2015,61,B,MM,315,1
2015,8/25/2015,74,A,MM,98,1
2015,8/25/2015,74,B,MM,139,1
2015,8/25/2015,75,A,MM,49,1
2015,8/25/2015,75,B,MM,91,1
2016,7/15/2016,8,A,MM,250,1
2016,7/15/2016,8,B,MM,172,1
2016,7/17/2016,17,B,MM,213,1
2016,7/25/2016,25,A,MM,192,1
2016,7/25/2016,27,A,MM,141,1
2016,7/25/2016,27,B,MM,198,1
2016,7/25/2016,49,A,MM,276,1
2016,7/25/2016,49,B,MM,230,1
2016,7/25/2016,60,A,MM,333,1
2016,7/25/2016,60,B,MM,246,1
2016,7/25/2016,79,A,MM,118,1
2016,7/25/2016,79,B,MM,110,1
2016,7/25/2016,80,A,MM,122,1
2016,7/25/2016,80,B,MM,52,1
2016,7/27/2016,4,A,MM,209,1
2016,7/27/2016,4,B,MM,163,1
2016,7/27/2016,17,A,MM,161,1
2016,7/27/2016,25,B,MM,294,1
2016,7/27/2016,26,A,MM,217,1
2016,7/27/2016,26,B,MM,232,1
2016,7/27/2016,36,A,MM,249,1
2016,7/27/2016,36,B,MM,180,1
2016,7/27/2016,44,A,MM,222,1
2016,7/27/2016,44,B,MM,73,1
2016,7/27/2016,46,A,MM,170,1
2016,7/27/2016,46,B,MM,151,1
2016,7/27/2016,67,A,MM,383,1
2016,7/27/2016,67,B,MM,403,1
2016,8/2/2016,43,A,MM,89,1
2016,8/2/2016,43,B,MM,49,1
2016,8/2/2016,52,A,MM,312,1
2016,8/2/2016,52,B,MM,390,1
2016,8/2/2016,53,A,MM,193,1
2016,8/2/2016,53,B,MM,139,1
2016,8/2/2016,61,A,MM,234,1
2016,8/2/2016,61,B,MM,191,1
2016,8/2/2016,72,A,MM,200,1
2016,8/2/2016,73,A,MM,271,1
2016,8/2/2016,73,B,MM,146,1
2016,8/2/2016,74,A,MM,112,1
2016,8/2/2016,74,B,MM,76,1
2016,8/2/2016,75,A,MM,102,1
2016,8/2/2016,75,B,MM,47,1
2016,8/3/2016,64,A,MM,204,1
2016,8/3/2016,64,B,MM,165,1
2016,8/5/2016,2,A,MM,259,1
2016,8/5/2016,2,B,MM,258,1
2016,8/5/2016,3,A,MM,280,1
2016,8/5/2016,3,B,MM,321,1
2016,8/5/2016,22,A,MM,112,1
2016,8/5/2016,22,B,MM,132,1
2016,8/5/2016,72,B,MM,194,1
2017,7/5/2017,22,A,MM,152,1
2017,7/5/2017,22,B,MM,116,1
2017,7/10/2017,43,A,MM,78,1
2017,7/10/2017,43,B,MM,51,1
2017,7/10/2017,44,A,MM,186,1
2017,7/10/2017,44,B,MM,89,1
2017,7/10/2017,64,A,MM,165,1
2017,7/10/2017,64,B,MM,162,1
2017,7/12/2017,53,A,MM,143,1
2017,7/12/2017,53,B,MM,79,1
2017,7/19/2017,52,A,MM,483,1
2017,7/19/2017,52,B,MM,385,1
2017,7/19/2017,75,A,MM,50,1
2017,7/19/2017,75,B,MM,24,1
2017,7/24/2017,4,A,MM,185,1
2017,7/24/2017,4,B,MM,150,1
2017,7/24/2017,27,A,MM,186,1
2017,7/24/2017,27,B,MM,141,1
2017,7/24/2017,61,A,MM,290,1
2017,7/24/2017,61,B,MM,213,1
2017,7/24/2017,73,A,MM,137,1
2017,7/24/2017,73,B,MM,78,1
2017,7/31/2017,3,A,MM,370,1
2017,7/31/2017,3,B,MM,414,1
2017,7/31/2017,8,A,MM,216,1
2017,7/31/2017,8,B,MM,163,1
2017,7/31/2017,17,A,MM,190,1
2017,7/31/2017,17,B,MM,152,1
2017,8/1/2017,67,A,MM,309,1
2017,8/1/2017,67,B,MM,235,1
2017,8/2/2017,46,A,MM,163,1
2017,8/2/2017,46,B,MM,184,1
2017,8/2/2017,49,A,MM,197,1
2017,8/2/2017,49,B,MM,152,1
2017,8/2/2017,79,A,MM,256,1
2017,8/2/2017,79,B,MM,125,1
2017,8/18/2017,2,A,MM,221,1
2017,8/18/2017,2,B,MM,261,1
2017,8/24/2017,25,A,MM,109,1
2017,8/24/2017,25,B,MM,124,1
2017,8/24/2017,26,A,MM,267,1
2017,8/24/2017,26,B,MM,257,1
2017,8/24/2017,36,A,MM,134,1
2017,8/24/2017,36,B,MM,134,1
2017,8/24/2017,74,A,MM,86,1
2017,8/24/2017,74,B,MM,101,1
2017,8/30/2017,60,A,MM,263,1
2017,8/30/2017,60,B,MM,181,1
2017,8/30/2017,72,A,MM,191,1
2017,8/30/2017,72,B,MM,250,1
2017,8/30/2017,80,A,MM,172,1
2017,8/30/2017,80,B,MM,127,1
2018,7/11/2018,8,A,MM,302.8,1
2018,7/11/2018,8,B,MM,208.4,1
2018,7/11/2018,17,A,MM,184.8,1
2018,7/11/2018,17,B,MM,209.7,1
2018,7/11/2018,25,A,MM,192.6,1
2018,7/11/2018,25,B,MM,164.2,1
2018,7/11/2018,26,A,MM,214.3,1
2018,7/11/2018,26,B,MM,202,1
2018,7/11/2018,27,A,MM,168.4,1
2018,7/11/2018,27,B,MM,205.1,1
2018,7/11/2018,36,A,MM,163.5,1
2018,7/11/2018,36,B,MM,178.9,1
2018,7/11/2018,49,A,MM,108,1
2018,7/11/2018,49,B,MM,100.2,1
2018,7/11/2018,60,A,MM,307.8,1
2018,7/11/2018,60,B,MM,99.4,1
2018,7/17/2018,64,A,MM,224.8,1
2018,7/17/2018,64,B,MM,280.5,1
2018,7/17/2018,67,A,MM,463,1
2018,7/17/2018,72,A,MM,239.2,1
2018,7/17/2018,72,B,MM,217.7,1
2018,7/17/2018,73,A,MM,252.5,1
2018,7/17/2018,73,B,MM,213.3,1
2018,7/17/2018,74,A,MM,185.1,1
2018,7/17/2018,74,B,MM,201,1
2018,7/17/2018,75,A,MM,116.4,1
2018,7/17/2018,75,B,MM,98.2,1
2018,7/18/2018,46,A,MM,238.7,1
2018,7/18/2018,46,B,MM,203.5,1
2018,7/18/2018,52,A,MM,471.8,1
2018,7/18/2018,52,B,MM,445.7,1
2018,7/18/2018,61,A,MM,394.4,1
2018,7/18/2018,61,B,MM,385.1,1
2018,7/18/2018,67,B,MM,468.5,1
2018,7/18/2018,79,A,MM,187,1
2018,7/18/2018,79,B,MM,157.6,1
2018,7/18/2018,80,A,MM,124,1
2018,7/18/2018,80,B,MM,91.2,1
2018,7/23/2018,2,A,MM,263.2,1
2018,7/23/2018,2,B,MM,287.1,1
2018,7/23/2018,3,A,MM,434.9,1
2018,7/23/2018,3,B,MM,374.3,1
2018,7/23/2018,4,A,MM,185.1,1
2018,7/23/2018,4,B,MM,239.7,1
2018,7/23/2018,22,A,MM,245.7,1
2018,7/23/2018,22,B,MM,162.5,1
2018,7/23/2018,43,A,MM,137,1
2018,7/23/2018,43,B,MM,120.3,1
2018,7/23/2018,44,A,MM,180,1
2018,7/23/2018,44,B,MM,230,1
2018,7/23/2018,53,A,MM,227.2,1
2018,7/23/2018,53,B,MM,171.5,1
1992,NaN,5,none,SB,166,1
1992,NaN,6,none,SB,161,1
1992,NaN,11,none,SB,73,1
1992,NaN,12,none,SB,186,1
1992,NaN,14,none,SB,193,1
1992,NaN,15,none,SB,84,1
1992,NaN,16,none,SB,293,1
1992,NaN,21,none,SB,155,1
1992,NaN,23,none,SB,60,1
1992,NaN,24,none,SB,195,1
1992,NaN,31,none,SB,173,1
1992,NaN,32,none,SB,118,1
1992,NaN,33,none,SB,142,1
1992,NaN,34,none,SB,94,1
1992,NaN,35,none,SB,70,1
1992,NaN,45,none,SB,66,1
1992,NaN,54,none,SB,130,1
1992,NaN,55,none,SB,140,1
1992,NaN,56,none,SB,42,1
1992,NaN,62,none,SB,173,1
1992,NaN,65,none,SB,53,1
1992,NaN,66,none,SB,25,1
1992,NaN,76,none,SB,37,1
1993,NaN,5,none,SB,194,1
1993,NaN,6,none,SB,202,1
1993,NaN,11,none,SB,9,1
1993,NaN,12,none,SB,126,1
1993,NaN,14,none,SB,217,1
1993,NaN,15,none,SB,82,1
1993,NaN,16,none,SB,335,1
1993,NaN,21,none,SB,4,1
1993,NaN,23,none,SB,73,1
1993,NaN,24,none,SB,116,1
1993,NaN,31,none,SB,50,1
1993,NaN,32,none,SB,20,1
1993,NaN,34,none,SB,5,1
1993,NaN,35,none,SB,57,1
1993,NaN,45,none,SB,3,1
1993,NaN,62,none,SB,91,1
1994,NaN,5,none,SB,109,1
1994,NaN,6,none,SB,176,1
1994,NaN,11,none,SB,78,1
1994,NaN,12,none,SB,271,1
1994,NaN,14,none,SB,125,1
1994,NaN,15,none,SB,79,1
1994,NaN,16,none,SB,220,1
1994,NaN,21,none,SB,139,1
1994,NaN,23,none,SB,48,1
1994,NaN,24,none,SB,137,1
1994,NaN,31,none,SB,205,1
1994,NaN,32,none,SB,156,1
1994,NaN,33,none,SB,128,1
1994,NaN,34,none,SB,76,1
1994,NaN,35,none,SB,120,1
1994,NaN,45,none,SB,59,1
1994,NaN,54,none,SB,77,1
1994,NaN,55,none,SB,78,1
1994,NaN,56,none,SB,97,1
1994,NaN,62,none,SB,77,1
1994,NaN,65,none,SB,53,1
1994,NaN,66,none,SB,26,1
1994,NaN,76,none,SB,212,1
1995,NaN,5,none,SB,116,1
1995,NaN,6,none,SB,69,1
1995,NaN,11,none,SB,20,1
1995,NaN,12,none,SB,71,1
1995,NaN,14,none,SB,238,1
1995,NaN,15,none,SB,90,1
1995,NaN,16,none,SB,223,1
1995,NaN,21,none,SB,23,1
1995,NaN,23,none,SB,57,1
1995,NaN,24,none,SB,128,1
1995,NaN,32,none,SB,63,1
1995,NaN,33,none,SB,42,1
1995,NaN,34,none,SB,40,1
1995,NaN,35,none,SB,58,1
1995,NaN,45,none,SB,81,1
1995,NaN,62,none,SB,70,1
1995,NaN,76,none,SB,43,1
1997,NaN,6,none,SB,174,1
1997,NaN,11,none,SB,199,1
1997,NaN,12,none,SB,95,1
1997,NaN,14,none,SB,252,1
1997,NaN,15,none,SB,298,1
1997,NaN,16,none,SB,251,1
1997,NaN,21,none,SB,79,1
1997,NaN,23,none,SB,181,1
1997,NaN,24,none,SB,162,1
1997,NaN,31,none,SB,174,1
1997,NaN,32,none,SB,143,1
1997,NaN,33,none,SB,111,1
1997,NaN,35,none,SB,231,1
1997,NaN,45,none,SB,178,1
1997,NaN,55,none,SB,63,1
1997,NaN,62,none,SB,165,1
1997,NaN,65,none,SB,55,1
1997,NaN,76,none,SB,261,1
2008,NaN,5,A,SB,137,1
2008,NaN,5,B,SB,88,1
2008,NaN,6,A,SB,114,1
2008,NaN,6,B,SB,91,1
2008,NaN,11,A,SB,30,1
2008,NaN,11,B,SB,45,1
2008,NaN,12,A,SB,132,1
2008,NaN,12,B,SB,70,1
2008,NaN,14,A,SB,54,1
2008,NaN,14,B,SB,75,1
2008,NaN,15,A,SB,137,1
2008,NaN,15,B,SB,111,1
2008,NaN,16,A,SB,133,1
2008,NaN,16,B,SB,199,1
2008,NaN,21,A,SB,59,1
2008,NaN,21,B,SB,39,1
2008,NaN,23,A,SB,83,1
2008,NaN,23,B,SB,59,1
2008,NaN,24,A,SB,122,1
2008,NaN,24,B,SB,145,1
2008,NaN,31,A,SB,193,1
2008,NaN,31,B,SB,228,1
2008,NaN,32,A,SB,469,1
2008,NaN,32,B,SB,157,1
2008,NaN,33,A,SB,221,1
2008,NaN,33,B,SB,130,1
2008,NaN,34,A,SB,41,1
2008,NaN,34,B,SB,63,1
2008,NaN,35,A,SB,118,1
2008,NaN,35,B,SB,85,1
2008,NaN,45,A,SB,24,1
2008,NaN,45,B,SB,31,1
2008,NaN,54,A,SB,104,1
2008,NaN,54,B,SB,80,1
2008,NaN,55,A,SB,53,1
2008,NaN,55,B,SB,100,1
2008,NaN,56,A,SB,36,1
2008,NaN,56,B,SB,44,1
2008,NaN,62,A,SB,189,1
2008,NaN,62,B,SB,157,1
2008,NaN,65,A,SB,41,1
2008,NaN,65,B,SB,12,1
2008,NaN,66,A,SB,161,1
2008,NaN,66,B,SB,37,1
2008,NaN,76,A,SB,182,1
2008,NaN,76,B,SB,167,1
2010,8/12/2010,5,A,SB,132,1
2010,8/12/2010,5,B,SB,126,1
2010,8/12/2010,6,A,SB,169,1
2010,8/12/2010,6,B,SB,113,1
2010,8/12/2010,11,A,SB,74,1
2010,8/12/2010,11,B,SB,28,1
2010,8/12/2010,12,A,SB,101,1
2010,8/12/2010,12,B,SB,92,1
2010,8/12/2010,14,A,SB,127,1
2010,8/12/2010,14,B,SB,74,1
2010,8/12/2010,15,A,SB,44,1
2010,8/12/2010,15,B,SB,66,1
2010,8/12/2010,16,A,SB,156,1
2010,8/12/2010,16,B,SB,152,1
2010,NaN,21,A,SB,111,1
2010,NaN,21,B,SB,68,1
2010,NaN,23,A,SB,119,1
2010,NaN,23,B,SB,126,1
2010,NaN,24,A,SB,108,1
2010,NaN,24,B,SB,148,1
2010,NaN,31,A,SB,178,1
2010,NaN,31,B,SB,276,1
2010,NaN,32,A,SB,158,1
2010,NaN,32,B,SB,107,1
2010,NaN,33,A,SB,52,1
2010,NaN,33,B,SB,83,1
2010,NaN,34,A,SB,66,1
2010,NaN,34,B,SB,73,1
2010,NaN,35,A,SB,97,1
2010,NaN,35,B,SB,82,1
2010,NaN,45,A,SB,99,1
2010,NaN,45,B,SB,77,1
2010,NaN,54,A,SB,97,1
2010,NaN,54,B,SB,121,1
2010,NaN,55,A,SB,89,1
2010,NaN,55,B,SB,34,1
2010,NaN,56,A,SB,58,1
2010,NaN,56,B,SB,67,1
2010,NaN,62,A,SB,85,1
2010,NaN,62,B,SB,96,1
2010,NaN,65,A,SB,40,1
2010,NaN,65,B,SB,46,1
2010,NaN,66,A,SB,40,1
2010,NaN,66,B,SB,19,1
2010,NaN,76,A,SB,188,1
2010,NaN,76,B,SB,283,1
2011,8/2/2011,12,A,SB,109,1
2011,8/2/2011,12,B,SB,59,1
2011,8/2/2011,14,A,SB,40,1
2011,8/2/2011,14,B,SB,50,1
2011,8/2/2011,15,A,SB,62,1
2011,8/2/2011,15,B,SB,50,1
2011,8/2/2011,16,A,SB,131,1
2011,8/3/2011,31,A,SB,81,1
2011,8/3/2011,31,B,SB,51,1
2011,8/3/2011,62,A,SB,92,1
2011,8/3/2011,62,B,SB,119,1
2011,8/4/2011,21,A,SB,132,1
2011,8/4/2011,21,B,SB,69,1
2011,8/4/2011,32,A,SB,90,1
2011,8/4/2011,32,B,SB,70,1
2011,8/5/2011,6,A,SB,81,1
2011,8/5/2011,6,B,SB,91,1
2011,8/5/2011,11,A,SB,82,1
2011,8/5/2011,11,B,SB,38,1
2011,8/10/2011,5,A,SB,141,1
2011,8/10/2011,5,B,SB,103,1
2011,8/10/2011,23,A,SB,75,1
2011,8/10/2011,23,B,SB,98,1
2011,8/10/2011,24,A,SB,155,1
2011,8/10/2011,35,A,SB,89,1
2011,8/10/2011,35,B,SB,69,1
2011,8/21/2011,16,B,SB,121,1
2011,9/2/2011,24,B,SB,122,1
2011,9/2/2011,45,A,SB,35,1
2011,9/2/2011,45,B,SB,50,1
2011,9/2/2011,54,A,SB,51,1
2011,9/2/2011,54,B,SB,93,1
2011,9/2/2011,55,A,SB,98,1
2011,9/2/2011,55,B,SB,56,1
2011,9/2/2011,65,A,SB,8,1
2011,9/2/2011,65,B,SB,12,1
2011,9/2/2011,66,A,SB,11,1
2011,9/2/2011,66,B,SB,54,1
2011,9/2/2011,76,A,SB,129,1
2011,9/2/2011,76,B,SB,67,1
2011,9/9/2011,33,A,SB,68,1
2011,9/9/2011,33,B,SB,77,1
2011,9/9/2011,34,A,SB,11,1
2011,9/9/2011,34,B,SB,41,1
2011,9/9/2011,56,A,SB,28,1
2011,9/9/2011,56,B,SB,103,1
2012,7/13/2012,5,A,SB,85,1
2012,7/13/2012,5,B,SB,136,1
2012,7/13/2012,6,A,SB,153,1
2012,7/13/2012,6,B,SB,137,1
2012,7/13/2012,11,A,SB,113,1
2012,7/13/2012,11,B,SB,78,1
2012,7/13/2012,12,A,SB,148,1
2012,7/13/2012,12,B,SB,81,1
2012,7/13/2012,14,A,SB,86,1
2012,7/13/2012,14,B,SB,62,1
2012,7/13/2012,15,A,SB,78,1
2012,7/13/2012,15,B,SB,154,1
2012,7/13/2012,16,A,SB,174,1
2012,7/13/2012,16,B,SB,289,1
2012,7/13/2012,21,A,SB,75,1
2012,7/13/2012,21,B,SB,69,1
2012,7/13/2012,23,A,SB,124,1
2012,7/13/2012,23,B,SB,160,1
2012,7/13/2012,24,A,SB,131,1
2012,7/13/2012,24,B,SB,85,1
2012,7/13/2012,31,A,SB,275,1
2012,7/13/2012,31,B,SB,179,1
2012,7/13/2012,32,A,SB,84,1
2012,7/13/2012,32,B,SB,112,1
2012,7/13/2012,33,A,SB,109,1
2012,7/13/2012,33,B,SB,76,1
2012,7/13/2012,34,A,SB,134,1
2012,7/13/2012,34,B,SB,38,1
2012,7/13/2012,35,A,SB,91,1
2012,7/13/2012,35,B,SB,95,1
2012,7/13/2012,45,A,SB,113,1
2012,7/13/2012,45,B,SB,74,1
2012,7/13/2012,54,A,SB,80,1
2012,7/13/2012,54,B,SB,77,1
2012,7/13/2012,55,A,SB,138,1
2012,7/13/2012,55,B,SB,123,1
2012,7/16/2012,62,A,SB,109,1
2012,7/16/2012,62,B,SB,135,1
2012,7/18/2012,56,A,SB,107,1
2012,7/18/2012,56,B,SB,128,1
2012,7/18/2012,65,A,SB,56,1
2012,7/18/2012,65,B,SB,72,1
2012,7/18/2012,66,A,SB,42,1
2012,7/18/2012,66,B,SB,62,1
2012,7/18/2012,76,A,SB,377,1
2012,7/18/2012,76,B,SB,113,1
2013,7/31/2013,62,A,SB,127,1
2013,7/31/2013,62,B,SB,109,1
2013,8/1/2013,11,A,SB,71,1
2013,8/1/2013,11,B,SB,54,1
2013,8/1/2013,12,A,SB,162,1
2013,8/1/2013,12,B,SB,106,1
2013,8/1/2013,21,A,SB,65,1
2013,8/1/2013,21,B,SB,116,1
2013,8/1/2013,31,A,SB,147,1
2013,8/1/2013,31,B,SB,186,1
2013,8/1/2013,32,A,SB,141,1
2013,8/1/2013,32,B,SB,62,1
2013,8/1/2013,33,A,SB,172,1
2013,8/1/2013,33,B,SB,210,1
2013,8/1/2013,34,A,SB,74,1
2013,8/1/2013,34,B,SB,129,1
2013,8/1/2013,35,A,SB,118,1
2013,8/1/2013,35,B,SB,141,1
2013,8/1/2013,45,A,SB,80,1
2013,8/1/2013,45,B,SB,88,1
2013,8/1/2013,54,A,SB,125,1
2013,8/1/2013,54,B,SB,76,1
2013,8/8/2013,5,A,SB,150,1
2013,8/8/2013,5,B,SB,210,1
2013,8/8/2013,6,A,SB,145,1
2013,8/8/2013,6,B,SB,128,1
2013,8/8/2013,14,A,SB,226,1
2013,8/8/2013,14,B,SB,78,1
2013,8/8/2013,15,A,SB,138,1
2013,8/8/2013,15,B,SB,79,1
2013,8/8/2013,16,A,SB,165,1
2013,8/8/2013,16,B,SB,160,1
2013,8/8/2013,23,A,SB,107,1
2013,8/8/2013,23,B,SB,66,1
2013,8/8/2013,24,A,SB,167,1
2013,8/8/2013,24,B,SB,103,1
2013,8/15/2013,55,A,SB,222,1
2013,8/15/2013,55,B,SB,187,1
2013,8/15/2013,56,A,SB,150,1
2013,8/15/2013,56,B,SB,148,1
2013,8/15/2013,65,A,SB,63,1
2013,8/15/2013,65,B,SB,124,1
2013,8/15/2013,66,A,SB,57,1
2013,8/15/2013,66,B,SB,73,1
2013,8/15/2013,76,A,SB,417,1
2013,8/15/2013,76,B,SB,71,1
2014,7/25/2014,6,A,SB,250,1
2014,7/25/2014,6,B,SB,116,1
2014,8/6/2014,5,A,SB,181,1
2014,8/6/2014,5,B,SB,174,1
2014,8/6/2014,11,A,SB,166,1
2014,8/6/2014,11,B,SB,156,1
2014,8/6/2014,12,A,SB,74,1
2014,8/6/2014,12,B,SB,88,1
2014,8/6/2014,14,A,SB,115,1
2014,8/6/2014,14,B,SB,85,1
2014,8/6/2014,15,A,SB,249,1
2014,8/6/2014,15,B,SB,281,1
2014,8/6/2014,16,A,SB,180,1
2014,8/6/2014,16,B,SB,193,1
2014,8/6/2014,21,A,SB,216,1
2014,8/6/2014,21,B,SB,70,1
2014,8/6/2014,23,A,SB,64,1
2014,8/6/2014,23,B,SB,85,1
2014,8/6/2014,24,A,SB,137,1
2014,8/6/2014,24,B,SB,143,1
2014,8/7/2014,31,A,SB,232,1
2014,8/7/2014,31,B,SB,160,1
2014,8/7/2014,32,A,SB,99,1
2014,8/7/2014,32,B,SB,49,1
2014,8/7/2014,33,A,SB,88,1
2014,8/7/2014,33,B,SB,85,1
2014,8/7/2014,34,A,SB,89,1
2014,8/7/2014,34,B,SB,87,1
2014,8/7/2014,35,A,SB,111,1
2014,8/7/2014,35,B,SB,89,1
2014,8/7/2014,62,A,SB,203,1
2014,8/7/2014,62,B,SB,186,1
2014,8/7/2014,76,A,SB,316,1
2014,8/7/2014,76,B,SB,93,1
2014,8/8/2014,45,A,SB,73,1
2014,8/8/2014,45,B,SB,48,1
2014,8/8/2014,54,A,SB,103,1
2014,8/8/2014,54,B,SB,59,1
2014,8/13/2014,55,A,SB,47,1
2014,8/13/2014,55,B,SB,31,1
2014,8/13/2014,56,A,SB,38,1
2014,8/13/2014,56,B,SB,38,1
2014,8/13/2014,65,A,SB,34,1
2014,8/13/2014,65,B,SB,52,1
2014,8/13/2014,66,A,SB,75,1
2014,8/13/2014,66,B,SB,56,1
2015,8/10/2015,5,A,SB,169,1
2015,8/10/2015,5,B,SB,147,1
2015,8/10/2015,6,A,SB,121,1
2015,8/10/2015,6,B,SB,122,1
2015,8/11/2015,12,A,SB,148,1
2015,8/11/2015,12,B,SB,115,1
2015,8/11/2015,14,A,SB,44,1
2015,8/11/2015,14,B,SB,111,1
2015,8/11/2015,15,A,SB,130,1
2015,8/11/2015,15,B,SB,73,1
2015,8/11/2015,16,B,SB,145,1
2015,8/12/2015,23,A,SB,85,1
2015,8/12/2015,23,B,SB,70,1
2015,8/12/2015,24,A,SB,72,1
2015,8/12/2015,24,B,SB,72,1
2015,8/12/2015,33,A,SB,100,1
2015,8/12/2015,33,B,SB,105,1
2015,8/13/2015,11,A,SB,167,1
2015,8/13/2015,11,B,SB,91,1
2015,8/13/2015,32,A,SB,96,1
2015,8/13/2015,32,B,SB,40,1
2015,8/13/2015,34,A,SB,113,1
2015,8/13/2015,34,B,SB,133,1
2015,8/13/2015,35,B,SB,123,1
2015,8/16/2015,16,A,SB,192,1
2015,8/16/2015,35,A,SB,135,1
2015,8/19/2015,21,A,SB,94,1
2015,8/19/2015,21,B,SB,106,1
2015,8/22/2015,45,A,SB,78,1
2015,8/22/2015,45,B,SB,38,1
2015,8/22/2015,54,A,SB,130,1
2015,8/22/2015,55,A,SB,53,1
2015,8/22/2015,55,B,SB,65,1
2015,8/25/2015,62,A,SB,72,1
2015,8/25/2015,62,B,SB,40,1
2015,8/25/2015,76,A,SB,542,1
2015,8/25/2015,76,B,SB,419,1
2015,8/26/2015,31,A,SB,156,1
2015,8/26/2015,31,B,SB,206,1
2015,8/26/2015,54,B,SB,80,1
2015,8/26/2015,56,A,SB,123,1
2015,8/26/2015,56,B,SB,98,1
2015,8/26/2015,65,A,SB,56,1
2015,8/26/2015,65,B,SB,50,1
2015,8/26/2015,66,A,SB,146,1
2015,8/26/2015,66,B,SB,79,1
2016,8/1/2016,5,A,SB,174,1
2016,8/1/2016,5,B,SB,218,1
2016,8/1/2016,6,A,SB,144,1
2016,8/1/2016,6,B,SB,88,1
2016,8/1/2016,14,A,SB,186,1
2016,8/1/2016,14,B,SB,163,1
2016,8/1/2016,15,A,SB,109,1
2016,8/1/2016,15,B,SB,119,1
2016,8/1/2016,16,A,SB,216,1
2016,8/1/2016,16,B,SB,116,1
2016,8/1/2016,24,A,SB,134,1
2016,8/1/2016,24,B,SB,100,1
2016,8/2/2016,23,A,SB,65,1
2016,8/2/2016,23,B,SB,58,1
2016,8/2/2016,33,A,SB,127,1
2016,8/2/2016,33,B,SB,47,1
2016,8/2/2016,34,A,SB,76,1
2016,8/2/2016,34,B,SB,44,1
2016,8/2/2016,35,A,SB,97,1
2016,8/2/2016,35,B,SB,96,1
2016,8/2/2016,54,A,SB,216,1
2016,8/2/2016,54,B,SB,90,1
2016,8/2/2016,55,A,SB,51,1
2016,8/2/2016,55,B,SB,47,1
2016,8/3/2016,31,B,SB,107,1
2016,8/3/2016,45,A,SB,106,1
2016,8/3/2016,45,B,SB,98,1
2016,8/3/2016,62,A,SB,82,1
2016,8/3/2016,62,B,SB,68,1
2016,8/3/2016,65,A,SB,25,1
2016,8/3/2016,65,B,SB,33,1
2016,8/3/2016,66,A,SB,114,1
2016,8/3/2016,66,B,SB,134,1
2016,8/3/2016,76,A,SB,334,1
2016,8/3/2016,76,B,SB,178,1
2016,8/5/2016,11,A,SB,63,1
2016,8/5/2016,11,B,SB,73,1
2016,8/5/2016,12,A,SB,117,1
2016,8/5/2016,12,B,SB,81,1
2016,8/5/2016,21,A,SB,55,1
2016,8/5/2016,21,B,SB,79,1
2016,8/5/2016,31,A,SB,117,1
2016,8/5/2016,32,A,SB,149,1
2016,8/5/2016,32,B,SB,51,1
2016,8/17/2016,56,A,SB,145,1
2016,8/17/2016,56,B,SB,133,1
2017,7/5/2017,11,A,SB,52,1
2017,7/5/2017,11,B,SB,87,1
2017,7/5/2017,21,A,SB,99,1
2017,7/10/2017,21,B,SB,227,1
2017,7/10/2017,31,A,SB,216,1
2017,7/10/2017,31,B,SB,129,1
2017,7/10/2017,32,A,SB,67,1
2017,7/10/2017,32,B,SB,66,1
2017,7/10/2017,62,A,SB,139,1
2017,7/10/2017,62,B,SB,98,1
2017,7/12/2017,45,A,SB,105,1
2017,7/12/2017,45,B,SB,96,1
2017,7/12/2017,54,A,SB,83,1
2017,7/12/2017,54,B,SB,78,1
2017,7/19/2017,65,A,SB,32,1
2017,7/19/2017,65,B,SB,10,1
2017,7/19/2017,66,A,SB,37,1
2017,7/19/2017,66,B,SB,28,1
2017,7/19/2017,76,A,SB,86,1
2017,7/19/2017,76,B,SB,73,1
2017,7/24/2017,15,A,SB,71,1
2017,7/24/2017,15,B,SB,129,1
2017,7/24/2017,16,A,SB,228,1
2017,7/24/2017,16,B,SB,144,1
2017,7/31/2017,5,A,SB,130,1
2017,7/31/2017,5,B,SB,188,1
2017,8/1/2017,55,A,SB,29,1
2017,8/1/2017,55,B,SB,32,1
2017,8/1/2017,56,A,SB,81,1
2017,8/1/2017,56,B,SB,59,1
2017,8/18/2017,24,A,SB,204,1
2017,8/18/2017,24,B,SB,131,1
2017,8/22/2017,6,A,SB,196,1
2017,8/22/2017,6,B,SB,180,1
2017,8/22/2017,12,A,SB,85,1
2017,8/22/2017,12,B,SB,127,1
2017,8/22/2017,14,A,SB,87,1
2017,8/22/2017,14,B,SB,57,1
2017,8/24/2017,34,A,SB,100,1
2017,8/24/2017,34,B,SB,81,1
2017,8/24/2017,35,A,SB,50,1
2017,8/24/2017,35,B,SB,49,1
2017,8/30/2017,23,A,SB,143,1
2017,8/30/2017,23,B,SB,93,1
2017,8/30/2017,33,A,SB,107,1
2017,8/30/2017,33,B,SB,90,1
2018,7/25/2018,24,A,SB,145,1
2018,7/25/2018,24,B,SB,156.1,1
2018,7/25/2018,34,A,SB,82.4,1
2018,7/25/2018,35,A,SB,73.1,1
2018,7/25/2018,35,B,SB,80.6,1
2018,7/25/2018,45,A,SB,61,1
2018,7/25/2018,45,B,SB,66.3,1
2018,7/25/2018,54,A,SB,87.1,1
2018,7/25/2018,54,B,SB,77.5,1
2018,7/25/2018,55,A,SB,67,1
2018,7/26/2018,65,A,SB,56.3,1
2018,7/30/2018,5,A,SB,148.7,1
2018,7/30/2018,5,B,SB,208.3,1
2018,7/30/2018,6,A,SB,194,1
2018,7/30/2018,6,B,SB,120.5,1
2018,7/30/2018,11,A,SB,62.9,1
2018,7/30/2018,11,B,SB,204,1
2018,7/30/2018,12,A,SB,133.5,1
2018,7/30/2018,12,B,SB,142.8,1
2018,7/30/2018,14,A,SB,113.3,1
2018,7/30/2018,14,B,SB,158,1
2018,7/30/2018,15,A,SB,119.2,1
2018,7/30/2018,15,B,SB,156.9,1
2018,7/30/2018,16,A,SB,206.3,1
2018,7/30/2018,16,B,SB,151.6,1
2018,7/30/2018,21,A,SB,133.3,1
2018,7/30/2018,21,B,SB,90.1,1
2018,7/30/2018,23,A,SB,62.5,1
2018,7/30/2018,23,B,SB,77,1
2018,7/30/2018,32,A,SB,80.3,1
2018,7/30/2018,32,B,SB,95.6,1
2018,7/30/2018,33,A,SB,67.7,1
2018,7/30/2018,33,B,SB,151.9,1
2018,7/30/2018,34,B,SB,60.1,1
2018,7/30/2018,56,B,SB,118.7,1
2018,7/30/2018,66,A,SB,56,1
2018,7/30/2018,66,B,SB,53.5,1
2018,7/31/2018,31,A,SB,262.9,1
2018,7/31/2018,31,B,SB,139.6,1
2018,7/31/2018,56,A,SB,68.2,1
2018,7/31/2018,62,A,SB,168.6,1
2018,7/31/2018,76,A,SB,174.1,1
2018,7/31/2018,76,B,SB,47.7,1
2018,8/2/2018,62,B,SB,103,1
2018,8/20/2018,55,B,SB,50,1
2018,8/20/2018,65,B,SB,31.5,1
1992,NaN,28,none,SF,152,1
1992,NaN,38,none,SF,231,1
1994,NaN,28,none,SF,175,1
1994,NaN,38,none,SF,245,1
1995,NaN,28,none,SF,127,1
1995,NaN,38,none,SF,72,1
1997,NaN,28,none,SF,134,1
2008,NaN,28,A,SF,208,1
2008,NaN,28,B,SF,64,1
2008,NaN,38,A,SF,314,1
2008,NaN,38,B,SF,435,1
2010,NaN,28,A,SF,255,1
2010,NaN,28,B,SF,250,1
2010,NaN,38,A,SF,194,1
2010,NaN,38,B,SF,138,1
2011,7/20/2011,38,A,SF,135,1
2011,7/20/2011,38,B,SF,155,1
2011,7/27/2011,28,A,SF,170,1
2011,7/27/2011,28,B,SF,124,1
2012,7/11/2012,28,A,SF,184,1
2012,7/11/2012,28,B,SF,177,1
2012,7/12/2012,38,A,SF,214,1
2012,7/12/2012,38,B,SF,167,1
2013,8/8/2013,28,A,SF,157,1
2013,8/8/2013,28,B,SF,246,1
2013,8/8/2013,38,A,SF,275,1
2013,8/8/2013,38,B,SF,296,1
2014,7/25/2014,28,A,SF,223,1
2014,7/25/2014,28,B,SF,122,1
2014,8/1/2014,38,A,SF,322,1
2014,8/1/2014,38,B,SF,285,1
2015,8/4/2015,38,A,SF,376,1
2015,8/4/2015,38,B,SF,291,1
2015,8/5/2015,28,A,SF,247,1
2015,8/5/2015,28,B,SF,319,1
2016,7/25/2016,28,A,SF,143,1
2016,7/25/2016,28,B,SF,124,1
2016,7/25/2016,38,A,SF,437,1
2016,7/25/2016,38,B,SF,273,1
2017,7/24/2017,28,A,SF,172,1
2017,7/24/2017,28,B,SF,204,1
2017,7/24/2017,38,A,SF,346,1
2017,7/24/2017,38,B,SF,253,1
2018,7/18/2018,28,A,SF,147.9,1
2018,7/18/2018,28,B,SF,205,1
2018,7/25/2018,38,A,SF,323,1
2018,7/25/2018,38,B,SF,247.5,1
2008,NaN,37,A,ST,658,0
2008,NaN,37,B,ST,870,0
2010,NaN,37,A,ST,381,0
2010,NaN,37,B,ST,228,0
2011,9/2/2011,37,A,ST,75,0
2011,9/2/2011,37,B,ST,132,0
2012,7/16/2012,37,A,ST,329,0
2012,7/16/2012,37,B,ST,276,0
2013,8/15/2013,37,A,ST,312,0
2013,8/15/2013,37,B,ST,225,0
2014,7/23/2014,37,A,ST,180,0
2014,7/23/2014,37,B,ST,299,0
2015,8/26/2015,37,A,ST,279,0
2015,8/26/2015,37,B,ST,361,0
2016,8/17/2016,37,A,ST,290,0
2016,8/17/2016,37,B,ST,176,0
2017,8/23/2017,37,A,ST,427,0
2017,8/24/2017,37,B,ST,262,0
2018,7/30/2018,37,A,ST,361.8,0
2018,7/30/2018,37,B,ST,278.6,0
1992,NaN,7,none,WM,160,1
1992,NaN,47,none,WM,209,1
1992,NaN,57,none,WM,207,1
1992,NaN,68,none,WM,70,1
1992,NaN,77,none,WM,101,1
1993,NaN,7,none,WM,232,1
1993,NaN,47,none,WM,181,1
1993,NaN,57,none,WM,152,1
1993,NaN,68,none,WM,174,1
1993,NaN,77,none,WM,72,1
1994,NaN,7,none,WM,272,1
1994,NaN,47,none,WM,208,1
1994,NaN,57,none,WM,224,1
1994,NaN,68,none,WM,158,1
1994,NaN,77,none,WM,183,1
1995,NaN,7,none,WM,233,1
1995,NaN,47,none,WM,174,1
1995,NaN,57,none,WM,295,1
1995,NaN,68,none,WM,104,1
1995,NaN,77,none,WM,249,1
1997,NaN,7,none,WM,315,1
1997,NaN,47,none,WM,106,1
2008,NaN,7,A,WM,272,1
2008,NaN,7,B,WM,257,1
2008,NaN,47,A,WM,72,1
2008,NaN,47,B,WM,117,1
2008,NaN,57,A,WM,182,1
2008,NaN,57,B,WM,232,1
2008,NaN,68,A,WM,154,1
2008,NaN,68,B,WM,102,1
2008,NaN,77,A,WM,259,1
2008,NaN,77,B,WM,141,1
2010,8/10/2010,68,A,WM,69,1
2010,8/10/2010,68,B,WM,297,1
2010,8/12/2010,7,A,WM,161,1
2010,8/12/2010,7,B,WM,272,1
2010,NaN,47,A,WM,135,1
2010,NaN,47,B,WM,217,1
2010,NaN,57,A,WM,144,1
2010,NaN,57,B,WM,186,1
2010,NaN,77,A,WM,109,1
2010,NaN,77,B,WM,149,1
2011,8/2/2011,47,A,WM,248,1
2011,8/2/2011,47,B,WM,168,1
2011,8/2/2011,57,A,WM,175,1
2011,8/3/2011,68,A,WM,141,1
2011,8/3/2011,68,B,WM,188,1
2011,8/5/2011,7,A,WM,140,1
2011,8/5/2011,7,B,WM,176,1
2011,8/8/2011,57,B,WM,202,1
2011,8/8/2011,77,A,WM,136,1
2011,8/8/2011,77,B,WM,205,1
2012,7/16/2012,7,A,WM,219,1
2012,7/16/2012,7,B,WM,244,1
2012,7/16/2012,47,A,WM,203,1
2012,7/16/2012,47,B,WM,168,1
2012,7/18/2012,57,A,WM,177,1
2012,7/18/2012,57,B,WM,213,1
2012,7/18/2012,68,A,WM,127,1
2012,7/18/2012,68,B,WM,178,1
2012,7/18/2012,77,A,WM,184,1
2012,7/18/2012,77,B,WM,239,1
2013,7/31/2013,47,A,WM,193,1
2013,7/31/2013,47,B,WM,179,1
2013,8/1/2013,7,A,WM,220,1
2013,8/1/2013,7,B,WM,277,1
2013,8/1/2013,57,A,WM,178,1
2013,8/1/2013,57,B,WM,198,1
2013,8/15/2013,68,A,WM,128,1
2013,8/15/2013,68,B,WM,140,1
2013,8/15/2013,77,A,WM,198,1
2013,8/15/2013,77,B,WM,161,1
2014,8/1/2014,7,A,WM,371,1
2014,8/1/2014,47,A,WM,237,1
2014,8/1/2014,47,B,WM,259,1
2014,8/1/2014,57,A,WM,218,1
2014,8/1/2014,57,B,WM,243,1
2014,8/1/2014,68,A,WM,109,1
2014,8/1/2014,68,B,WM,139,1
2014,8/1/2014,77,A,WM,231,1
2014,8/1/2014,77,B,WM,178,1
2014,8/6/2014,7,B,WM,196,1
2015,8/22/2015,7,A,WM,176,1
2015,8/22/2015,7,B,WM,208,1
2015,8/22/2015,57,A,WM,174,1
2015,8/22/2015,57,B,WM,283,1
2015,8/25/2015,47,A,WM,325,1
2015,8/25/2015,47,B,WM,279,1
2015,8/25/2015,77,A,WM,212,1
2015,8/25/2015,77,B,WM,298,1
2015,8/26/2015,68,A,WM,142,1
2015,8/26/2015,68,B,WM,67,1
2016,8/3/2016,7,A,WM,251,1
2016,8/3/2016,7,B,WM,288,1
2016,8/3/2016,57,A,WM,186,1
2016,8/3/2016,57,B,WM,248,1
2016,8/3/2016,77,A,WM,222,1
2016,8/3/2016,77,B,WM,261,1
2016,8/17/2016,47,A,WM,294,1
2016,8/17/2016,47,B,WM,223,1
2016,8/17/2016,68,A,WM,201,1
2016,8/17/2016,68,B,WM,160,1
2017,7/19/2017,77,A,WM,182,1
2017,7/19/2017,77,B,WM,141,1
2017,7/31/2017,7,A,WM,248,1
2017,7/31/2017,7,B,WM,226,1
2017,8/18/2017,47,A,WM,284,1
2017,8/18/2017,47,B,WM,266,1
2017,8/21/2017,57,A,WM,216,1
2017,8/21/2017,57,B,WM,208,1
2017,8/21/2017,68,A,WM,150,1
2017,8/21/2017,68,B,WM,130,1
2018,7/30/2018,7,A,WM,359.1,1
2018,7/31/2018,7,B,WM,319.1,1
2018,7/31/2018,47,A,WM,145.8,1
2018,7/31/2018,47,B,WM,316.1,1
2018,7/31/2018,57,A,WM,259.4,1
2018,7/31/2018,57,B,WM,262.3,1
2018,7/31/2018,68,A,WM,197.6,1
2018,7/31/2018,68,B,WM,199.6,1
2018,7/31/2018,77,A,WM,205.6,1
2018,7/31/2018,77,B,WM,106.9,1
